"date","None","D0","D1","D2","D3","D4","DSCI"
2000-01-04,100,0,0,0,0,0,0
2000-01-11,100,0,0,0,0,0,0
2000-01-18,100,0,0,0,0,0,0
2000-01-25,100,0,0,0,0,0,0
2000-02-01,100,0,0,0,0,0,0
2000-02-08,100,0,0,0,0,0,0
2000-02-15,100,0,0,0,0,0,0
2000-02-22,100,0,0,0,0,0,0
2000-02-29,100,0,0,0,0,0,0
2000-03-07,100,0,0,0,0,0,0
2000-03-14,100,0,0,0,0,0,0
2000-03-21,100,0,0,0,0,0,0
2000-03-28,100,0,0,0,0,0,0
2000-04-04,100,0,0,0,0,0,0
2000-04-11,100,0,0,0,0,0,0
2000-04-18,100,0,0,0,0,0,0
2000-04-25,100,0,0,0,0,0,0
2000-05-02,100,0,0,0,0,0,0
2000-05-09,100,0,0,0,0,0,0
2000-05-16,100,0,0,0,0,0,0
2000-05-23,100,0,0,0,0,0,0
2000-05-30,100,0,0,0,0,0,0
2000-06-06,100,0,0,0,0,0,0
2000-06-13,100,0,0,0,0,0,0
2000-06-20,100,0,0,0,0,0,0
2000-06-27,100,0,0,0,0,0,0
2000-07-04,100,0,0,0,0,0,0
2000-07-11,100,0,0,0,0,0,0
2000-07-18,100,0,0,0,0,0,0
2000-07-25,100,0,0,0,0,0,0
2000-08-01,100,0,0,0,0,0,0
2000-08-08,67.9878880748966,32.0121119251034,0,0,0,0,32.0121119251034
2000-08-15,67.9907848749601,32.0092151250399,0,0,0,0,32.0092151250399
2000-08-22,67.9907848749601,32.0092151250399,0,0,0,0,32.0092151250399
2000-08-29,30.7487412774048,69.2512587225952,0,0,0,0,69.2512587225952
2000-09-05,39.4078085723518,60.5921914276482,0,0,0,0,60.5921914276482
2000-09-12,100,0,0,0,0,0,0
2000-09-19,100,0,0,0,0,0,0
2000-09-26,100,0,0,0,0,0,0
2000-10-03,100,0,0,0,0,0,0
2000-10-10,100,0,0,0,0,0,0
2000-10-17,100,0,0,0,0,0,0
2000-10-24,100,0,0,0,0,0,0
2000-10-31,100,0,0,0,0,0,0
2000-11-07,100,0,0,0,0,0,0
2000-11-14,100,0,0,0,0,0,0
2000-11-21,100,0,0,0,0,0,0
2000-11-28,100,0,0,0,0,0,0
2000-12-05,100,0,0,0,0,0,0
2000-12-12,100,0,0,0,0,0,0
2000-12-19,100,0,0,0,0,0,0
2000-12-26,100,0,0,0,0,0,0
2001-01-02,100,0,0,0,0,0,0
2001-01-09,100,0,0,0,0,0,0
2001-01-16,100,0,0,0,0,0,0
2001-01-23,0,100,0,0,0,0,100
2001-01-30,0,100,0,0,0,0,100
2001-02-06,0,100,0,0,0,0,100
2001-02-13,0,100,100,0,0,0,200
2001-02-20,0,100,100,0,0,0,200
2001-02-27,0,100,100,0,0,0,200
2001-03-06,0,100,100,0,0,0,200
2001-03-13,0,100,100,22.059998770517,0,0,222.059998770517
2001-03-20,0,100,100,22.059998770517,0,0,222.059998770517
2001-03-27,0,100,100,22.059998770517,0,0,222.059998770517
2001-04-03,0,100,100,22.5029125252831,0,0,222.502912525283
2001-04-10,0,100,100,22.5029125252831,0,0,222.502912525283
2001-04-17,0,100,100,22.5029125252831,0,0,222.502912525283
2001-04-24,0,100,100,22.5029125252831,0,0,222.502912525283
2001-05-01,0,100,100,22.5029125252831,0,0,222.502912525283
2001-05-08,0,100,100,22.5029125252831,0,0,222.502912525283
2001-05-15,0,100,100,46.0582325132282,0,0,246.058232513228
2001-05-22,0,100,100,46.0582325132282,0,0,246.058232513228
2001-05-29,0,100,100,46.0582325132282,0,0,246.058232513228
2001-06-05,0,100,100,45.9207403286918,0,0,245.920740328692
2001-06-12,0,100,100,45.9216399504009,0,0,245.921639950401
2001-06-19,0,100,100,63.6596311251119,0,0,263.659631125112
2001-06-26,0,100,100,63.6596311251119,0,0,263.659631125112
2001-07-03,0,100,100,99.9433238323285,0,0,299.943323832328
2001-07-10,0,100,100,99.9433238323285,0,0,299.943323832328
2001-07-17,0,100,100,99.9433238323285,0,0,299.943323832328
2001-07-24,0,100,100,97.2967867011921,0,0,297.296786701192
2001-07-31,0,100,100,97.2967867011921,0,0,297.296786701192
2001-08-07,0,100,100,97.2967867011921,0,0,297.296786701192
2001-08-14,0,100,100,96.5671934951353,0,0,296.567193495135
2001-08-21,0,100,100,96.5673434320868,0,0,296.567343432087
2001-08-28,0,100,100,95.1337212702059,0,0,295.133721270206
2001-09-04,0,100,100,95.1337212702059,0,0,295.133721270206
2001-09-11,0,100,100,100,2.97579867665647,0,302.975798676656
2001-09-18,0,100,100,100,2.97572370818071,0,302.975723708181
2001-09-25,0,100,100,100,2.97542383427769,0,302.975423834278
2001-10-02,0,100,100,100,2.97579867665647,0,302.975798676656
2001-10-09,0,100,100,100,2.97534886580193,0,302.975348865802
2001-10-16,0,100,100,100,2.97542383427769,0,302.975423834278
2001-10-23,0,100,100,100,2.97579867665647,0,302.975798676656
2001-10-30,0,100,100,100,2.97534886580193,0,302.975348865802
2001-11-06,0,100,100,100,2.97504899189891,0,302.975048991899
2001-11-13,0,100,100,100,2.97504899189891,0,302.975048991899
2001-11-20,0,100,100,100,2.97542383427769,0,302.975423834278
2001-11-27,0,100,100,99.9868055482669,2.97662332988978,0,302.963428878157
2001-12-04,0,100,99.6193100801113,78.6596236282643,3.54908261076217,0,281.828016319138
2001-12-11,0,100,99.2129809415141,78.7126263406238,3.02835157816138,0,280.953958860299
2001-12-18,0,100,99.2129809415141,78.7139757731874,3.05174174259724,0,280.978698457299
2001-12-25,0,100,99.9999250315242,78.6537011186796,3.05174174259724,0,281.705367892801
2002-01-01,0,100,100,79.093766071367,5.25371581250084,0,284.347481883868
2002-01-08,0.189520306711028,99.810479693289,31.5651018746617,1.82113421306341,0,0,133.196715781014
2002-01-15,0.182998049320261,99.8170019506798,10.7078973291731,2.24500597498752,0,0,112.76990525484
2002-01-22,0.842870572924085,99.1571294270759,5.91921097178636,1.22663420031877,0,0,106.302974599181
2002-01-29,22.3834127749281,77.6165872250719,2.97984697434729,0,0,0,80.5964341994191
2002-02-05,24.1489203789806,75.8510796210194,3.33924584712129,0,0,0,79.1903254681407
2002-02-12,99.9296795170227,0.0703204829772703,0,0,0,0,0.0703204829772703
2002-02-19,99.9263059883319,0.0736940116680936,0,0,0,0,0.0736940116680936
2002-02-26,99.9863557271835,0.0136442728164853,0,0,0,0,0.0136442728164853
2002-03-05,99.9960266678062,0.00397333219381165,0,0,0,0,0.00397333219381165
2002-03-12,100,0,0,0,0,0,0
2002-03-19,89.3139934657476,10.6860065342523,0,0,0,0,10.6860065342523
2002-03-26,87.012246091334,12.987753908666,0,0,0,0,12.987753908666
2002-04-02,87.2226728660598,12.7773271339402,0,0,0,0,12.7773271339402
2002-04-09,88.0507656911012,11.9492343088988,0,0,0,0,11.9492343088988
2002-04-16,87.8779723126425,12.1220276873575,0,0,0,0,12.1220276873575
2002-04-23,86.0987454775267,13.9012545224733,0,0,0,0,13.9012545224733
2002-04-30,93.8483071730641,6.15169282693589,1.21134153938884,0,0,0,7.36303436632473
2002-05-07,94.6043688628932,5.39563113710685,1.24979945932735,0,0,0,6.6454305964342
2002-05-14,96.3096018124379,3.69039818756213,0.285404987202881,0,0,0,3.97580317476501
2002-05-21,94.707829326896,5.29217067310395,0.773449184531016,0,0,0,6.06561985763497
2002-05-28,94.0667654751918,5.93323452480821,2.89048671820004,0,0,0,8.82372124300825
2002-06-04,94.4924409285895,5.50755907141047,1.50341781280971,0,0,0,7.01097688422019
2002-06-11,94.3621457177257,5.6378542822743,1.52320949040928,0,0,0,7.16106377268359
2002-06-18,94.8614396185607,5.13856038143932,0.85808853020665,0,0,0,5.99664891164597
2002-06-25,91.7106606671895,8.28933933281055,0.637007138498262,0,0,0,8.92634647130882
2002-07-02,91.3591399622909,8.64086003770912,0,0,0,0,8.64086003770912
2002-07-09,90.6977615912509,9.30223840874912,0.472376365738207,0,0,0,9.77461477448733
2002-07-16,30.118637523943,69.881362476057,0.428369549327346,0,0,0,70.3097320253843
2002-07-23,29.7105539949606,70.2894460050394,0.322739530082248,0,0,0,70.6121855351216
2002-07-30,34.2593446400873,65.7406553599127,1.2450024102383,0,0,0,66.985657770151
2002-08-06,40.9631499954269,59.0368500045731,0,0,0,0,59.0368500045731
2002-08-13,16.0636452371778,83.9363547628222,0,0,0,0,83.9363547628222
2002-08-20,16.025486283018,83.974513716982,0,0,0,0,83.974513716982
2002-08-27,14.5101484825631,85.4898515174369,0,0,0,0,85.4898515174369
2002-09-03,16.577479170009,83.422520829991,0,0,0,0,83.422520829991
2002-09-10,4.63042790506592,95.3695720949341,0,0,0,0,95.3695720949341
2002-09-17,1.48332626130712,98.5166737386929,0,0,0,0,98.5166737386929
2002-09-24,1.3336142152225,98.6663857847775,0,0,0,0,98.6663857847775
2002-10-01,1.19012455262562,98.8098754473744,0,0,0,0,98.8098754473744
2002-10-08,0,100,0,0,0,0,100
2002-10-15,0,100,0,0,0,0,100
2002-10-22,0,100,0,0,0,0,100
2002-10-29,0,100,0,0,0,0,100
2002-11-05,0,100,72.7390632239143,0,0,0,172.739063223914
2002-11-12,0,100,75.1631688874828,0,0,0,175.163168887483
2002-11-19,0,100,76.8871439559665,0,0,0,176.887143955967
2002-11-26,0,100,79.5561716298296,0,0,0,179.55617162983
2002-12-03,0,100,75.9005588150183,0,0,0,175.900558815018
2002-12-10,0,100,76.650168604102,0,0,0,176.650168604102
2002-12-17,0,100,76.7805387834416,0,0,0,176.780538783442
2002-12-24,0,100,78.6982323932786,0,0,0,178.698232393279
2002-12-31,0,100,12.6872150260815,0,0,0,112.687215026082
2003-01-07,0,100,14.2907907225012,0,0,0,114.290790722501
2003-01-14,0,100,15.1037488735986,0.914090624892233,0,0,116.017839498491
2003-01-21,0,100,15.5109026654292,0.313818039514384,0,0,115.824720704944
2003-01-28,0,100,10.9276299316138,0,0,0,110.927629931614
2003-02-04,0,100,0,0,0,0,100
2003-02-11,0,100,0,0,0,0,100
2003-02-18,0,100,0,0,0,0,100
2003-02-25,0,100,0,0,0,0,100
2003-03-04,0,100,0,0,0,0,100
2003-03-11,0,100,0,0,0,0,100
2003-03-18,94.9944298422513,5.00557015774867,0,0,0,0,5.00557015774867
2003-03-25,96.0042522151327,3.9957477848673,0,0,0,0,3.9957477848673
2003-04-01,97.2027762325942,2.79722376740581,0,0,0,0,2.79722376740581
2003-04-08,96.1964772339652,3.80352276603481,0,0,0,0,3.80352276603481
2003-04-15,95.2827550635621,4.71724493643793,0,0,0,0,4.71724493643793
2003-04-22,95.3368858395045,4.66311416049551,0,0,0,0,4.66311416049551
2003-04-29,100,0,0,0,0,0,0
2003-05-06,100,0,0,0,0,0,0
2003-05-13,100,0,0,0,0,0,0
2003-05-20,100,0,0,0,0,0,0
2003-05-27,100,0,0,0,0,0,0
2003-06-03,100,0,0,0,0,0,0
2003-06-10,100,0,0,0,0,0,0
2003-06-17,100,0,0,0,0,0,0
2003-06-24,100,0,0,0,0,0,0
2003-07-01,0,100,0,0,0,0,100
2003-07-08,0,100,0,0,0,0,100
2003-07-15,0,100,0,0,0,0,100
2003-07-22,0,100,0,0,0,0,100
2003-07-29,0,100,100,0,0,0,200
2003-08-05,0,100,100,0,0,0,200
2003-08-12,0,100,80.2924370302288,0,0,0,180.292437030229
2003-08-19,0,100,78.0714209674832,0,0,0,178.071420967483
2003-08-26,0,100,79.2592214973604,0,0,0,179.25922149736
2003-09-02,0,100,88.2001118529658,0,0,0,188.200111852966
2003-09-09,0,100,90.0906668745792,0,0,0,190.090666874579
2003-09-16,0,100,67.8470703069359,0,0,0,167.847070306936
2003-09-23,0,100,66.1998629576263,0,0,0,166.199862957626
2003-09-30,0,100,66.4704991551053,0,0,0,166.470499155105
2003-10-07,0,100,98.4282109373009,0,0,0,198.428210937301
2003-10-14,14.7073155738012,85.2926844261988,74.6597555727816,0,0,0,159.95243999898
2003-10-21,10.5126044498288,89.4873955501711,74.806169005933,0,0,0,164.293564556104
2003-10-28,9.40786899108925,90.5921310089108,75.1842350291702,0,0,0,165.776366038081
2003-11-04,9.68547725681351,90.3145227431865,74.5053205127244,0,0,0,164.819843255911
2003-11-11,10.9532691503223,89.0467308496777,74.6613299107725,0,0,0,163.70806076045
2003-11-18,7.91494676488537,92.0850532351146,75.9136782982756,0,0,0,167.99873153339
2003-11-25,17.1018836579218,82.8981163420782,69.7254054670011,0,0,0,152.623521809079
2003-12-02,15.1340361378041,84.865963862196,65.3716862059504,0,0,0,150.237650068146
2003-12-09,21.9252054511078,78.0747945488922,54.3226823120878,0,0,0,132.39747686098
2003-12-16,29.809789983312,70.190210016688,59.5350155259713,0,0,0,129.725225542659
2003-12-23,31.5203220643304,68.4796779356696,53.7653263562724,0,0,0,122.245004291942
2003-12-30,21.4498303463394,78.5501696536606,56.7702531085678,0,0,0,135.320422762228
2004-01-06,23.5901803291716,76.4098196708284,56.5175343767946,0,0,0,132.927354047623
2004-01-13,18.6779459237391,81.3220540762609,0,0,0,0,81.3220540762609
2004-01-20,21.4770439030388,78.5229560969612,0,0,0,0,78.5229560969612
2004-01-27,22.5897090850479,77.4102909149521,0,0,0,0,77.4102909149521
2004-02-03,22.5897090850479,77.4102909149521,0,0,0,0,77.4102909149521
2004-02-10,33.4041285108648,66.5958714891352,0,0,0,0,66.5958714891352
2004-02-17,33.4041285108648,66.5958714891352,0,0,0,0,66.5958714891352
2004-02-24,33.4041285108648,66.5958714891352,0,0,0,0,66.5958714891352
2004-03-02,33.7193707150863,66.2806292849137,0,0,0,0,66.2806292849137
2004-03-09,33.7193707150863,66.2806292849137,0,0,0,0,66.2806292849137
2004-03-16,33.7193707150863,66.2806292849137,0,0,0,0,66.2806292849137
2004-03-23,33.7193707150863,66.2806292849137,0,0,0,0,66.2806292849137
2004-03-30,33.7193707150863,66.2806292849137,0,0,0,0,66.2806292849137
2004-04-06,34.2024178832801,65.7975821167199,0,0,0,0,65.7975821167199
2004-04-13,34.2024178832801,65.7975821167199,0,0,0,0,65.7975821167199
2004-04-20,34.2024178832801,65.7975821167199,0,0,0,0,65.7975821167199
2004-04-27,34.2024178832801,65.7975821167199,0,0,0,0,65.7975821167199
2004-05-04,34.2024178832801,65.7975821167199,0,0,0,0,65.7975821167199
2004-05-11,34.7567347930195,65.2432652069805,0,0,0,0,65.2432652069805
2004-05-18,34.7567347930195,65.2432652069805,0,0,0,0,65.2432652069805
2004-05-25,37.0044396331343,62.9955603668657,0,0,0,0,62.9955603668657
2004-06-01,43.5472383862586,56.4527616137414,0.00389836073930912,0,0,0,56.4566599744807
2004-06-08,49.1940139171478,50.8059860828522,0,0,0,0,50.8059860828522
2004-06-15,49.1940139171478,50.8059860828522,0,0,0,0,50.8059860828522
2004-06-22,49.3103649915211,50.6896350084789,0,0,0,0,50.6896350084789
2004-06-29,8.12771339230358,91.8722866076964,0.895124271587001,0,0,0,92.7674108792834
2004-07-06,8.5276641172387,91.4723358827613,8.04209329976745,0,0,0,99.5144291825287
2004-07-13,8.5276641172387,91.4723358827613,8.04209329976745,0,0,0,99.5144291825287
2004-07-20,3.04634401234281,96.9536559876572,8.79147818342387,0,0,0,105.745134171081
2004-07-27,3.04634401234281,96.9536559876572,8.04209329976745,0,0,0,104.995749287425
2004-08-03,3.4340060004768,96.5659939995232,8.04209329976745,0,0,0,104.608087299291
2004-08-10,3.49742933096633,96.5025706690337,8.04209329976745,0,0,0,104.544663968801
2004-08-17,3.49742933096633,96.5025706690337,8.04209329976745,0,0,0,104.544663968801
2004-08-24,10.0472751208117,89.9527248791883,8.04209329976745,0,0,0,97.9948181789557
2004-08-31,91.5927352548253,8.40726474517465,0,0,0,0,8.40726474517465
2004-09-07,92.2669267572985,7.73307324270144,0,0,0,0,7.73307324270144
2004-09-14,93.8618107122375,6.13818928776253,0,0,0,0,6.13818928776253
2004-09-21,93.8324934365099,6.16750656349005,0,0,0,0,6.16750656349005
2004-09-28,93.8987655690782,6.1012344309218,0,0,0,0,6.1012344309218
2004-10-05,93.8987655690782,6.1012344309218,0,0,0,0,6.1012344309218
2004-10-12,93.8987655690782,6.1012344309218,0,0,0,0,6.1012344309218
2004-10-19,93.8987655690782,6.1012344309218,0,0,0,0,6.1012344309218
2004-10-26,93.8987655690782,6.1012344309218,0,0,0,0,6.1012344309218
2004-11-02,93.3554690252749,6.64453097472513,0,0,0,0,6.64453097472513
2004-11-09,93.3554690252749,6.64453097472513,0,0,0,0,6.64453097472513
2004-11-16,93.3554690252749,6.64453097472513,0,0,0,0,6.64453097472513
2004-11-23,67.1725789305597,32.8274210694403,0,0,0,0,32.8274210694403
2004-11-30,61.0333354824296,38.9666645175704,0,0,0,0,38.9666645175704
2004-12-07,40.5387088769489,59.4612911230511,0,0,0,0,59.4612911230511
2004-12-14,66.9518717379342,33.0481282620658,0,0,0,0,33.0481282620658
2004-12-21,42.3780300383689,57.6219699616311,0,0,0,0,57.6219699616311
2004-12-28,2.38002419982397,97.619975800176,0,0,0,0,97.619975800176
2005-01-04,2.38002419982397,97.619975800176,0,0,0,0,97.619975800176
2005-01-11,0,100,0,0,0,0,100
2005-01-18,0,100,0,0,0,0,100
2005-01-25,0,100,0,0,0,0,100
2005-02-01,0,100,94.8067087789584,0,0,0,194.806708778958
2005-02-08,0,100,99.9874802645488,0,0,0,199.987480264549
2005-02-15,0,100,100,2.37859979878461,0,0,202.378599798785
2005-02-22,0,100,100,67.025040970272,0,0,267.025040970272
2005-03-01,0,100,100,69.1082649745782,0,0,269.108264974578
2005-03-08,0,100,100,100,0,0,300
2005-03-15,0,100,100,100,0,0,300
2005-03-22,0,100,100,100,0,0,300
2005-03-29,0,100,100,100,0,0,300
2005-04-05,0,100,100,100,0,0,300
2005-04-12,0,100,100,100,0,0,300
2005-04-19,0,100,100,99.7688721892444,42.2550067696534,0,342.023878958898
2005-04-26,0,100,100,99.7688721892444,42.2550067696534,0,342.023878958898
2005-05-03,0,100,100,99.7688721892444,42.2550067696534,0,342.023878958898
2005-05-10,0,100,100,99.7688721892444,42.2550067696534,0,342.023878958898
2005-05-17,0,100,100,99.5296477831072,0,0,299.529647783107
2005-05-24,0,100,100,99.5296477831072,0,0,299.529647783107
2005-05-31,0,100,100,99.5296477831072,0,0,299.529647783107
2005-06-07,0,100,100,99.6248577473173,0,0,299.624857747317
2005-06-14,0,100,100,99.6248577473173,0,0,299.624857747317
2005-06-21,0,100,100,99.6248577473173,0,0,299.624857747317
2005-06-28,0,100,100,99.6248577473173,0,0,299.624857747317
2005-07-05,0,100,100,99.6248577473173,0,0,299.624857747317
2005-07-12,0,100,100,99.6248577473173,0,0,299.624857747317
2005-07-19,0,100,100,99.6248577473173,0,0,299.624857747317
2005-07-26,0,100,100,99.6248577473173,0,0,299.624857747317
2005-08-02,0,100,100,99.6248577473173,0,0,299.624857747317
2005-08-09,0,100,100,99.6248577473173,0,0,299.624857747317
2005-08-16,0,100,100,99.6248577473173,0,0,299.624857747317
2005-08-23,0,100,100,99.6248577473173,0,0,299.624857747317
2005-08-30,0,100,100,99.6248577473173,0,0,299.624857747317
2005-09-06,0,100,100,99.6248577473173,0,0,299.624857747317
2005-09-13,0,100,100,99.6248577473173,0,0,299.624857747317
2005-09-20,0,100,100,100,34.3499558435678,0,334.349955843568
2005-09-27,0,100,100,100,34.3499558435678,0,334.349955843568
2005-10-04,0,100,100,99.5563365604763,32.1021760349773,0,331.658512595454
2005-10-11,0,100,100,99.5563365604763,32.1021760349773,0,331.658512595454
2005-10-18,0,100,100,98.9403955636655,20.1736419835459,0,319.114037547211
2005-10-25,0,100,100,98.9403955636655,20.1736419835459,0,319.114037547211
2005-11-01,0,100,100,98.9403955636655,20.1736419835459,0,319.114037547211
2005-11-08,0,100,99.7499051648782,93.7570001814237,0,0,293.506905346302
2005-11-15,0,100,99.0019446822611,93.7570001814237,0,0,292.758944863685
2005-11-22,0,100,99.0019446822611,93.7570001814237,0,0,292.758944863685
2005-11-29,0.0128196093542665,99.9871803906457,95.0539548120016,89.2903783958845,0,0,284.331513598532
2005-12-06,2.30580540882559,97.6941945911744,91.8411058150048,27.0667684238778,0,0,216.602068830057
2005-12-13,2.30580540882559,97.6941945911744,91.8411058150048,27.0667684238778,0,0,216.602068830057
2005-12-20,2.30580540882559,97.6941945911744,91.8411058150048,27.0667684238778,0,0,216.602068830057
2005-12-27,7.9058755793189,92.0941244206811,86.2099237270728,27.0430783855389,0,0,205.347126533293
2006-01-03,14.8257657654956,85.1742342345044,35.2807644385536,0,0,0,120.454998673058
2006-01-10,14.8257657654956,85.1742342345044,0,0,0,0,85.1742342345044
2006-01-17,100,0,0,0,0,0,0
2006-01-24,100,0,0,0,0,0,0
2006-01-31,100,0,0,0,0,0,0
2006-02-07,100,0,0,0,0,0,0
2006-02-14,100,0,0,0,0,0,0
2006-02-21,100,0,0,0,0,0,0
2006-02-28,100,0,0,0,0,0,0
2006-03-07,100,0,0,0,0,0,0
2006-03-14,100,0,0,0,0,0,0
2006-03-21,100,0,0,0,0,0,0
2006-03-28,100,0,0,0,0,0,0
2006-04-04,100,0,0,0,0,0,0
2006-04-11,100,0,0,0,0,0,0
2006-04-18,100,0,0,0,0,0,0
2006-04-25,100,0,0,0,0,0,0
2006-05-02,100,0,0,0,0,0,0
2006-05-09,100,0,0,0,0,0,0
2006-05-16,100,0,0,0,0,0,0
2006-05-23,100,0,0,0,0,0,0
2006-05-30,100,0,0,0,0,0,0
2006-06-06,100,0,0,0,0,0,0
2006-06-13,100,0,0,0,0,0,0
2006-06-20,100,0,0,0,0,0,0
2006-06-27,100,0,0,0,0,0,0
2006-07-04,100,0,0,0,0,0,0
2006-07-11,100,0,0,0,0,0,0
2006-07-18,100,0,0,0,0,0,0
2006-07-25,100,0,0,0,0,0,0
2006-08-01,100,0,0,0,0,0,0
2006-08-08,100,0,0,0,0,0,0
2006-08-15,100,0,0,0,0,0,0
2006-08-22,100,0,0,0,0,0,0
2006-08-29,77.6210103651415,22.3789896348585,0,0,0,0,22.3789896348585
2006-09-05,65.316809281697,34.683190718303,0,0,0,0,34.683190718303
2006-09-12,65.316809281697,34.683190718303,0,0,0,0,34.683190718303
2006-09-19,56.4645316644351,43.5354683355649,0,0,0,0,43.5354683355649
2006-09-26,57.2630208997117,42.7369791002883,0,0,0,0,42.7369791002883
2006-10-03,56.7301449740384,43.2698550259616,0,0,0,0,43.2698550259616
2006-10-10,56.7301449740384,43.2698550259616,0,0,0,0,43.2698550259616
2006-10-17,56.7301449740384,43.2698550259616,0,0,0,0,43.2698550259616
2006-10-24,56.7301449740384,43.2698550259616,0,0,0,0,43.2698550259616
2006-10-31,56.7301449740384,43.2698550259616,0,0,0,0,43.2698550259616
2006-11-07,100,0,0,0,0,0,0
2006-11-14,100,0,0,0,0,0,0
2006-11-21,100,0,0,0,0,0,0
2006-11-28,100,0,0,0,0,0,0
2006-12-05,100,0,0,0,0,0,0
2006-12-12,100,0,0,0,0,0,0
2006-12-19,100,0,0,0,0,0,0
2006-12-26,100,0,0,0,0,0,0
2007-01-02,100,0,0,0,0,0,0
2007-01-09,100,0,0,0,0,0,0
2007-01-16,100,0,0,0,0,0,0
2007-01-23,100,0,0,0,0,0,0
2007-01-30,100,0,0,0,0,0,0
2007-02-06,100,0,0,0,0,0,0
2007-02-13,100,0,0,0,0,0,0
2007-02-20,100,0,0,0,0,0,0
2007-02-27,100,0,0,0,0,0,0
2007-03-06,100,0,0,0,0,0,0
2007-03-13,100,0,0,0,0,0,0
2007-03-20,100,0,0,0,0,0,0
2007-03-27,99.9484216886799,0.0515783113200899,0,0,0,0,0.0515783113200899
2007-04-03,100,0,0,0,0,0,0
2007-04-10,100,0,0,0,0,0,0
2007-04-17,98.4860104970938,1.51398950290616,0,0,0,0,1.51398950290616
2007-04-24,98.4860104970938,1.51398950290616,0,0,0,0,1.51398950290616
2007-05-01,98.4860104970938,1.51398950290616,0,0,0,0,1.51398950290616
2007-05-08,98.4860104970938,1.51398950290616,0,0,0,0,1.51398950290616
2007-05-15,98.4860104970938,1.51398950290616,0,0,0,0,1.51398950290616
2007-05-22,98.4860104970938,1.51398950290616,0,0,0,0,1.51398950290616
2007-05-29,98.4860104970938,1.51398950290616,0,0,0,0,1.51398950290616
2007-06-05,98.4860104970938,1.51398950290616,0,0,0,0,1.51398950290616
2007-06-12,98.4860104970938,1.51398950290616,0,0,0,0,1.51398950290616
2007-06-19,98.4860104970938,1.51398950290616,0,0,0,0,1.51398950290616
2007-06-26,98.4860104970938,1.51398950290616,0,0,0,0,1.51398950290616
2007-07-03,95.7234950629473,4.27650493705267,0,0,0,0,4.27650493705267
2007-07-10,7.28993458250806,92.7100654174919,0,0,0,0,92.7100654174919
2007-07-17,7.28993458250806,92.7100654174919,0,0,0,0,92.7100654174919
2007-07-24,7.46386144626185,92.5361385537382,0,0,0,0,92.5361385537382
2007-07-31,7.46386144626185,92.5361385537382,0.702754491736225,0,0,0,93.2388930454744
2007-08-07,7.46386144626185,92.5361385537382,0.702754491736225,0,0,0,93.2388930454744
2007-08-14,7.46386144626185,92.5361385537382,0.702754491736225,0,0,0,93.2388930454744
2007-08-21,7.46386144626185,92.5361385537382,0.702754491736225,0,0,0,93.2388930454744
2007-08-28,5.67923688089159,94.3207631191084,0.945727321661242,0,0,0,95.2664904407697
2007-09-04,5.67923688089159,94.3207631191084,0.945727321661242,0,0,0,95.2664904407697
2007-09-11,5.67923688089159,94.3207631191084,0.945727321661242,0,0,0,95.2664904407697
2007-09-18,0.128046156591153,99.8719538434088,1.71617834700508,0,0,0,101.588132190414
2007-09-25,0,100,1.71617834700508,0,0,0,101.716178347005
2007-10-02,0,100,1.71617834700508,0,0,0,101.716178347005
2007-10-09,0.144089302381372,99.8559106976186,1.7161770604133,0,0,0,101.572087758032
2007-10-16,0.144089302381372,99.8559106976186,1.7161770604133,0,0,0,101.572087758032
2007-10-23,55.2031120913656,44.7968879086344,0.742787657789899,0,0,0,45.5396755664243
2007-10-30,55.2031120913656,44.7968879086344,0.742787657789899,0,0,0,45.5396755664243
2007-11-06,55.2031120913656,44.7968879086344,0.742787657789899,0,0,0,45.5396755664243
2007-11-13,55.2031120913656,44.7968879086344,0.742787657789899,0,0,0,45.5396755664243
2007-11-20,55.2031120913656,44.7968879086344,0.691584188848589,0,0,0,45.488472097483
2007-11-27,55.2031120913656,44.7968879086344,0.691584188848589,0,0,0,45.488472097483
2007-12-04,97.3101310898767,2.68986891012329,0,0,0,0,2.68986891012329
2007-12-11,97.3101310898767,2.68986891012329,0,0,0,0,2.68986891012329
2007-12-18,97.3101310898767,2.68986891012329,0,0,0,0,2.68986891012329
2007-12-25,97.3101310898767,2.68986891012329,0,0,0,0,2.68986891012329
2008-01-01,97.3101310898767,2.68986891012329,0,0,0,0,2.68986891012329
2008-01-08,97.176535149371,2.82346485062895,0,0,0,0,2.82346485062895
2008-01-15,100,0,0,0,0,0,0
2008-01-22,100,0,0,0,0,0,0
2008-01-29,100,0,0,0,0,0,0
2008-02-05,100,0,0,0,0,0,0
2008-02-12,100,0,0,0,0,0,0
2008-02-19,100,0,0,0,0,0,0
2008-02-26,100,0,0,0,0,0,0
2008-03-04,100,0,0,0,0,0,0
2008-03-11,100,0,0,0,0,0,0
2008-03-18,100,0,0,0,0,0,0
2008-03-25,100,0,0,0,0,0,0
2008-04-01,100,0,0,0,0,0,0
2008-04-08,100,0,0,0,0,0,0
2008-04-15,100,0,0,0,0,0,0
2008-04-22,100,0,0,0,0,0,0
2008-04-29,100,0,0,0,0,0,0
2008-05-06,100,0,0,0,0,0,0
2008-05-13,100,0,0,0,0,0,0
2008-05-20,79.1487023321961,20.8512976678039,0,0,0,0,20.8512976678039
2008-05-27,96.8669174612076,3.13308253879244,0,0,0,0,3.13308253879244
2008-06-03,27.7189941629545,72.2810058370455,0,0,0,0,72.2810058370455
2008-06-10,27.5955960518602,72.4044039481398,0,0,0,0,72.4044039481398
2008-06-17,27.7106392421575,72.2893607578425,0,0,0,0,72.2893607578425
2008-06-24,27.7106392421575,72.2893607578425,0,0,0,0,72.2893607578425
2008-07-01,27.7106392421575,72.2893607578425,0,0,0,0,72.2893607578425
2008-07-08,27.7106392421575,72.2893607578425,0,0,0,0,72.2893607578425
2008-07-15,25.998562103557,74.001437896443,22.2834965023431,0,0,0,96.2849343987861
2008-07-22,25.998562103557,74.001437896443,22.2834965023431,0,0,0,96.2849343987861
2008-07-29,25.998562103557,74.001437896443,22.2834965023431,0,0,0,96.2849343987861
2008-08-05,18.4072347577844,81.5927652422156,22.2834797967455,0,0,0,103.876245038961
2008-08-12,18.8691155369167,81.1308844630833,22.2834797967455,0,0,0,103.414364259829
2008-08-19,18.5728401207292,81.4271598792708,22.2834797967455,0,0,0,103.710639676016
2008-08-26,18.5728401207292,81.4271598792708,22.2834797967455,0,0,0,103.710639676016
2008-09-02,18.5137038727994,81.4862961272006,22.2676031735679,0,0,0,103.753899300768
2008-09-09,18.5137038727994,81.4862961272006,22.2676031735679,0,0,0,103.753899300768
2008-09-16,18.3453995185521,81.6546004814479,22.2676031735679,0,0,0,103.922203655016
2008-09-23,18.3453995185521,81.6546004814479,22.2676031735679,0,0,0,103.922203655016
2008-09-30,18.3453995185521,81.6546004814479,22.2676031735679,0,0,0,103.922203655016
2008-10-07,18.3453995185521,81.6546004814479,22.2676031735679,0,0,0,103.922203655016
2008-10-14,18.4011623112481,81.5988376887519,22.2675864798852,0,0,0,103.866424168637
2008-10-21,16.6004195235903,83.3995804764097,32.3584182851111,0,0,0,115.757998761521
2008-10-28,4.89401339685657,95.1059866031434,32.0818355267843,0,0,0,127.187822129928
2008-11-04,4.89401339685657,95.1059866031434,32.0818355267843,0,0,0,127.187822129928
2008-11-11,13.3245220384828,86.6754779615172,0,0,0,0,86.6754779615172
2008-11-18,13.5424553975053,86.4575446024947,0,0,0,0,86.4575446024947
2008-11-25,13.5424553975053,86.4575446024947,0,0,0,0,86.4575446024947
2008-12-02,13.260573928663,86.739426071337,0,0,0,0,86.739426071337
2008-12-09,13.260573928663,86.739426071337,0,0,0,0,86.739426071337
2008-12-16,3.30138676686453,96.6986132331355,0,0,0,0,96.6986132331355
2008-12-23,4.37650967768054,95.6234903223195,0,0,0,0,95.6234903223195
2008-12-30,4.37650967768054,95.6234903223195,0,0,0,0,95.6234903223195
2009-01-06,7.39848893540266,92.6015110645973,0,0,0,0,92.6015110645973
2009-01-13,7.39848893540266,92.6015110645973,0,0,0,0,92.6015110645973
2009-01-20,44.0383568709358,55.9616431290642,0,0,0,0,55.9616431290642
2009-01-27,44.1273863385049,55.8726136614951,0,0,0,0,55.8726136614951
2009-02-03,44.0615221299444,55.9384778700556,0,0,0,0,55.9384778700556
2009-02-10,44.0615221299444,55.9384778700556,0,0,0,0,55.9384778700556
2009-02-17,31.572772328815,68.427227671185,0,0,0,0,68.427227671185
2009-02-24,17.3372097033198,82.6627902966802,0,0,0,0,82.6627902966802
2009-03-03,17.3372097033198,82.6627902966802,0,0,0,0,82.6627902966802
2009-03-10,17.5706615368238,82.4293384631762,0.000524779330291612,0,0,0,82.4298632425065
2009-03-17,17.5706615368238,82.4293384631762,0.000524779330291612,0,0,0,82.4298632425065
2009-03-24,17.5706615368238,82.4293384631762,0.000524779330291612,0,0,0,82.4298632425065
2009-03-31,17.5706615368238,82.4293384631762,0.000524779330291612,0,0,0,82.4298632425065
2009-04-07,23.0396868116957,76.9603131883043,0.000524779330291612,0,0,0,76.9608379676346
2009-04-14,23.0396868116957,76.9603131883043,0.000524779330291612,0,0,0,76.9608379676346
2009-04-21,23.0396868116957,76.9603131883043,0.000524779330291612,0,0,0,76.9608379676346
2009-04-28,23.0396868116957,76.9603131883043,0.000524779330291612,0,0,0,76.9608379676346
2009-05-05,23.0396868116957,76.9603131883043,0.000524779330291612,0,0,0,76.9608379676346
2009-05-12,23.0396868116957,76.9603131883043,0.000524779330291612,0,0,0,76.9608379676346
2009-05-19,22.9853518985406,77.0146481014594,0.000524779723710972,0,0,0,77.0151728811831
2009-05-26,22.9853518985406,77.0146481014594,0.000524779723710972,0,0,0,77.0151728811831
2009-06-02,23.4032264956784,76.5967735043216,0.000524779723710972,0,0,0,76.5972982840453
2009-06-09,23.4032264956784,76.5967735043216,0.000524779723710972,0,0,0,76.5972982840453
2009-06-16,23.4032264956784,76.5967735043216,3.02378076802262,0,0,0,79.6205542723442
2009-06-23,23.4032264956784,76.5967735043216,3.02378076802262,0,0,0,79.6205542723442
2009-06-30,23.4032264956784,76.5967735043216,3.02378076802262,0,0,0,79.6205542723442
2009-07-07,23.7367792894777,76.2632207105223,6.93946736317483,0,0,0,83.2026880736971
2009-07-14,23.7367792894777,76.2632207105223,6.93946736317483,0,0,0,83.2026880736971
2009-07-21,23.7367792894777,76.2632207105223,6.93946736317483,0,0,0,83.2026880736971
2009-07-28,23.7367792894777,76.2632207105223,6.93946736317483,0,0,0,83.2026880736971
2009-08-04,21.8268795374738,78.1731204625262,18.8651704935632,4.15618355908874,0,0,101.194474515178
2009-08-11,21.519267287556,78.480732712444,18.8651563506218,4.15618044325894,0,0,101.502069506325
2009-08-18,21.519267287556,78.480732712444,18.8651563506218,4.15618044325894,0,0,101.502069506325
2009-08-25,20.9115130760212,79.0884869239788,18.8651704935632,4.15618355908874,0,0,102.109840976631
2009-09-01,4.49458839652056,95.5054116034794,18.8651563506218,4.15618044325894,0,0,118.52674839736
2009-09-08,4.49458839652056,95.5054116034794,18.8651563506218,4.15618044325894,0,0,118.52674839736
2009-09-15,4.49458839652056,95.5054116034794,18.8651563506218,4.15618044325894,0,0,118.52674839736
2009-09-22,4.49458839652056,95.5054116034794,18.8651563506218,4.15618044325894,0,0,118.52674839736
2009-09-29,0,100,18.8651422077017,4.15617732743381,0,0,123.021319535135
2009-10-06,0,100,18.8651422077017,4.15617732743381,0,0,123.021319535135
2009-10-13,0,100,18.8651422077017,4.15617732743381,0,0,123.021319535135
2009-10-20,0.97773886080903,99.022261139191,18.8408524215567,4.15617732743381,0,0,122.019290888182
2009-10-27,0.97773886080903,99.022261139191,18.8408524215567,4.15617732743381,0,0,122.019290888182
2009-11-03,0.97773886080903,99.022261139191,18.8408524215567,4.15617732743381,0,0,122.019290888182
2009-11-10,1.45678742088952,98.5432125791105,18.8408524215567,4.15617732743381,0,0,121.540242328101
2009-11-17,1.58056037436258,98.4194396256374,18.8408524215567,4.15617732743381,0,0,121.416469374628
2009-11-24,8.32359992623102,91.676400073769,18.8408524215567,4.15617732743381,0,0,114.67342982276
2009-12-01,8.32359992623102,91.676400073769,18.8408524215567,4.15617732743381,0,0,114.67342982276
2009-12-08,8.32359992623102,91.676400073769,18.8408524215567,4.15617732743381,0,0,114.67342982276
2009-12-15,8.32359992623102,91.676400073769,18.8408524215567,4.15617732743381,0,0,114.67342982276
2009-12-22,8.32359992623102,91.676400073769,18.8408524215567,4.15617732743381,0,0,114.67342982276
2009-12-29,8.32359992623102,91.676400073769,18.8408524215567,4.15617732743381,0,0,114.67342982276
2010-01-05,8.32359992623102,91.676400073769,18.8408524215567,4.15617732743381,0,0,114.67342982276
2010-01-12,8.32359992623102,91.676400073769,18.8408524215567,4.15617732743381,0,0,114.67342982276
2010-01-19,11.437790409133,88.562209590867,18.7167046257049,4.15617732743381,0,0,111.435091544006
2010-01-26,11.437790409133,88.562209590867,18.7167046257049,4.15617732743381,0,0,111.435091544006
2010-02-02,11.3344923468374,88.6655076531626,18.7167186573436,5.90324711202473,0,0,113.285473422531
2010-02-09,10.3014932221001,89.6985067778999,18.7167046257049,5.90324268645035,0,0,114.318454090055
2010-02-16,0,100,18.7167046257049,5.90324268645035,0,0,124.619947312155
2010-02-23,0,100,18.7167046257049,5.90324268645035,0,0,124.619947312155
2010-03-02,0,100,18.7167046257049,5.90324268645035,0,0,124.619947312155
2010-03-09,0,100,5.68088618735822,0,0,0,105.680886187358
2010-03-16,0,100,5.68088618735822,0,0,0,105.680886187358
2010-03-23,0,100,4.9997226166397,0,0,0,104.99972261664
2010-03-30,1.02376950492318,98.9762304950768,4.9997226166397,0,0,0,103.975953111717
2010-04-06,1.02376950492318,98.9762304950768,4.9997226166397,0,0,0,103.975953111717
2010-04-13,2.87196733773448,97.1280326622655,4.9997226166397,0,0,0,102.127755278905
2010-04-20,1.98096700337508,98.0190329966249,4.9997226166397,0,0,0,103.018755613265
2010-04-27,3.09102522389335,96.9089747761067,4.9997226166397,0,0,0,101.908697392746
2010-05-04,3.09102522389335,96.9089747761067,4.9997226166397,0,0,0,101.908697392746
2010-05-11,13.7214801176105,86.2785198823895,4.9997226166397,0,0,0,91.2782424990292
2010-05-18,13.9342406518059,86.0657593481941,4.9997226166397,0,0,0,91.0654819648338
2010-05-25,13.9342406518059,86.0657593481941,4.9997226166397,0,0,0,91.0654819648338
2010-06-01,13.9342406518059,86.0657593481941,0,0,0,0,86.0657593481941
2010-06-08,100,0,0,0,0,0,0
2010-06-15,100,0,0,0,0,0,0
2010-06-22,100,0,0,0,0,0,0
2010-06-29,100,0,0,0,0,0,0
2010-07-06,100,0,0,0,0,0,0
2010-07-13,100,0,0,0,0,0,0
2010-07-20,100,0,0,0,0,0,0
2010-07-27,100,0,0,0,0,0,0
2010-08-03,100,0,0,0,0,0,0
2010-08-10,100,0,0,0,0,0,0
2010-08-17,100,0,0,0,0,0,0
2010-08-24,100,0,0,0,0,0,0
2010-08-31,100,0,0,0,0,0,0
2010-09-07,100,0,0,0,0,0,0
2010-09-14,100,0,0,0,0,0,0
2010-09-21,100,0,0,0,0,0,0
2010-09-28,100,0,0,0,0,0,0
2010-10-05,100,0,0,0,0,0,0
2010-10-12,100,0,0,0,0,0,0
2010-10-19,100,0,0,0,0,0,0
2010-10-26,100,0,0,0,0,0,0
2010-11-02,100,0,0,0,0,0,0
2010-11-09,100,0,0,0,0,0,0
2010-11-16,100,0,0,0,0,0,0
2010-11-23,100,0,0,0,0,0,0
2010-11-30,100,0,0,0,0,0,0
2010-12-07,100,0,0,0,0,0,0
2010-12-14,100,0,0,0,0,0,0
2010-12-21,100,0,0,0,0,0,0
2010-12-28,100,0,0,0,0,0,0
2011-01-04,100,0,0,0,0,0,0
2011-01-11,100,0,0,0,0,0,0
2011-01-18,100,0,0,0,0,0,0
2011-01-25,100,0,0,0,0,0,0
2011-02-01,100,0,0,0,0,0,0
2011-02-08,100,0,0,0,0,0,0
2011-02-15,100,0,0,0,0,0,0
2011-02-22,100,0,0,0,0,0,0
2011-03-01,80.4011413200749,19.5988586799251,0,0,0,0,19.5988586799251
2011-03-08,80.4011413200749,19.5988586799251,0,0,0,0,19.5988586799251
2011-03-15,80.4011413200749,19.5988586799251,0,0,0,0,19.5988586799251
2011-03-22,100,0,0,0,0,0,0
2011-03-29,100,0,0,0,0,0,0
2011-04-05,100,0,0,0,0,0,0
2011-04-12,100,0,0,0,0,0,0
2011-04-19,100,0,0,0,0,0,0
2011-04-26,100,0,0,0,0,0,0
2011-05-03,100,0,0,0,0,0,0
2011-05-10,100,0,0,0,0,0,0
2011-05-17,100,0,0,0,0,0,0
2011-05-24,100,0,0,0,0,0,0
2011-05-31,100,0,0,0,0,0,0
2011-06-07,100,0,0,0,0,0,0
2011-06-14,100,0,0,0,0,0,0
2011-06-21,100,0,0,0,0,0,0
2011-06-28,100,0,0,0,0,0,0
2011-07-05,100,0,0,0,0,0,0
2011-07-12,100,0,0,0,0,0,0
2011-07-19,100,0,0,0,0,0,0
2011-07-26,100,0,0,0,0,0,0
2011-08-02,100,0,0,0,0,0,0
2011-08-09,100,0,0,0,0,0,0
2011-08-16,100,0,0,0,0,0,0
2011-08-23,100,0,0,0,0,0,0
2011-08-30,100,0,0,0,0,0,0
2011-09-06,100,0,0,0,0,0,0
2011-09-13,100,0,0,0,0,0,0
2011-09-20,100,0,0,0,0,0,0
2011-09-27,100,0,0,0,0,0,0
2011-10-04,100,0,0,0,0,0,0
2011-10-11,100,0,0,0,0,0,0
2011-10-18,100,0,0,0,0,0,0
2011-10-25,100,0,0,0,0,0,0
2011-11-01,100,0,0,0,0,0,0
2011-11-08,100,0,0,0,0,0,0
2011-11-15,99.8285470959461,0.171452904053845,0,0,0,0,0.171452904053845
2011-11-22,99.8285470959461,0.171452904053845,0,0,0,0,0.171452904053845
2011-11-29,77.5718142309765,22.4281857690235,0,0,0,0,22.4281857690235
2011-12-06,50.0346354357993,49.9653645642008,0,0,0,0,49.9653645642008
2011-12-13,50.0346354357993,49.9653645642008,0,0,0,0,49.9653645642008
2011-12-20,50.0346354357993,49.9653645642008,0,0,0,0,49.9653645642008
2011-12-27,15.9930999014914,84.0069000985086,0,0,0,0,84.0069000985086
2012-01-03,18.6163968051434,81.3836031948566,0,0,0,0,81.3836031948566
2012-01-10,18.6163968051434,81.3836031948566,69.9517352953083,0,0,0,151.335338490165
2012-01-17,18.6163968051434,81.3836031948566,69.9517352953083,0,0,0,151.335338490165
2012-01-24,19.7089873708106,80.2910126291894,68.8278079067752,0,0,0,149.118820535965
2012-01-31,19.7089873708106,80.2910126291894,68.8278079067752,0,0,0,149.118820535965
2012-02-07,19.7089873708106,80.2910126291894,64.0996960777993,0,0,0,144.390708706989
2012-02-14,19.7089873708106,80.2910126291894,64.0996960777993,0,0,0,144.390708706989
2012-02-21,19.7089873708106,80.2910126291894,64.0996960777993,0,0,0,144.390708706989
2012-02-28,19.7089873708106,80.2910126291894,64.0996960777993,0,0,0,144.390708706989
2012-03-06,19.7089873708106,80.2910126291894,64.0996960777993,0,0,0,144.390708706989
2012-03-13,19.7089873708106,80.2910126291894,64.0996960777993,0,0,0,144.390708706989
2012-03-20,21.4641654165664,78.5358345834336,42.6817593315206,0,0,0,121.217593914954
2012-03-27,25.3618543616317,74.6381456383683,38.9002716109913,0,0,0,113.53841724936
2012-04-03,25.3618543616317,74.6381456383683,38.9002716109913,0,0,0,113.53841724936
2012-04-10,25.3618543616317,74.6381456383683,38.9002716109913,0,0,0,113.53841724936
2012-04-17,25.3618543616317,74.6381456383683,38.9002716109913,0,0,0,113.53841724936
2012-04-24,25.3618543616317,74.6381456383683,38.9002716109913,0,0,0,113.53841724936
2012-05-01,25.3618543616317,74.6381456383683,38.9002716109913,0,0,0,113.53841724936
2012-05-08,42.7714537608742,57.2285462391258,18.0828732760973,0,0,0,75.3114195152231
2012-05-15,42.7714537608742,57.2285462391258,18.0828732760973,0,0,0,75.3114195152231
2012-05-22,42.7726961607865,57.2273038392135,16.8990316314727,0,0,0,74.1263354706862
2012-05-29,42.7726961607865,57.2273038392135,16.8990316314727,0,0,0,74.1263354706862
2012-06-05,42.9093637945472,57.0906362054528,16.8990316314727,0,0,0,73.9896678369255
2012-06-12,53.8382417766956,46.1617582233044,16.8990443004381,0,0,0,63.0608025237425
2012-06-19,53.8382417766956,46.1617582233044,16.8990443004381,0,0,0,63.0608025237425
2012-06-26,53.8382417766956,46.1617582233044,16.8990443004381,0,0,0,63.0608025237425
2012-07-03,53.8382417766956,46.1617582233044,19.4934822309452,0,0,0,65.6552404542497
2012-07-10,53.8382417766956,46.1617582233044,19.4934822309452,0,0,0,65.6552404542497
2012-07-17,80.1157512397902,19.8842487602098,0,0,0,0,19.8842487602098
2012-07-24,80.1157512397902,19.8842487602098,0,0,0,0,19.8842487602098
2012-07-31,80.1157512397902,19.8842487602098,0,0,0,0,19.8842487602098
2012-08-07,80.1157512397902,19.8842487602098,0,0,0,0,19.8842487602098
2012-08-14,80.1157512397902,19.8842487602098,0,0,0,0,19.8842487602098
2012-08-21,80.1157512397902,19.8842487602098,0,0,0,0,19.8842487602098
2012-08-28,80.1157512397902,19.8842487602098,0,0,0,0,19.8842487602098
2012-09-04,80.1157512397902,19.8842487602098,0,0,0,0,19.8842487602098
2012-09-11,80.1157512397902,19.8842487602098,0,0,0,0,19.8842487602098
2012-09-18,100,0,0,0,0,0,0
2012-09-25,100,0,0,0,0,0,0
2012-10-02,100,0,0,0,0,0,0
2012-10-09,100,0,0,0,0,0,0
2012-10-16,100,0,0,0,0,0,0
2012-10-23,100,0,0,0,0,0,0
2012-10-30,100,0,0,0,0,0,0
2012-11-06,100,0,0,0,0,0,0
2012-11-13,100,0,0,0,0,0,0
2012-11-20,100,0,0,0,0,0,0
2012-11-27,100,0,0,0,0,0,0
2012-12-04,100,0,0,0,0,0,0
2012-12-11,100,0,0,0,0,0,0
2012-12-18,100,0,0,0,0,0,0
2012-12-25,100,0,0,0,0,0,0
2013-01-01,100,0,0,0,0,0,0
2013-01-08,100,0,0,0,0,0,0
2013-01-15,100,0,0,0,0,0,0
2013-01-22,100,0,0,0,0,0,0
2013-01-29,100,0,0,0,0,0,0
2013-02-05,100,0,0,0,0,0,0
2013-02-12,100,0,0,0,0,0,0
2013-02-19,100,0,0,0,0,0,0
2013-02-26,100,0,0,0,0,0,0
2013-03-05,100,0,0,0,0,0,0
2013-03-12,100,0,0,0,0,0,0
2013-03-19,100,0,0,0,0,0,0
2013-03-26,100,0,0,0,0,0,0
2013-04-02,96.8064928697483,3.19350713025173,0,0,0,0,3.19350713025173
2013-04-09,100,0,0,0,0,0,0
2013-04-16,100,0,0,0,0,0,0
2013-04-23,100,0,0,0,0,0,0
2013-04-30,100,0,0,0,0,0,0
2013-05-07,32.071987783128,67.928012216872,0,0,0,0,67.928012216872
2013-05-14,32.071987783128,67.928012216872,0,0,0,0,67.928012216872
2013-05-21,32.071987783128,67.928012216872,0,0,0,0,67.928012216872
2013-05-28,31.5920392415284,68.4079607584716,0,0,0,0,68.4079607584716
2013-06-04,73.0888113382238,26.9111886617762,0,0,0,0,26.9111886617762
2013-06-11,72.9276089404405,27.0723910595595,0,0,0,0,27.0723910595595
2013-06-18,68.5125890718535,31.4874109281465,0,0,0,0,31.4874109281465
2013-06-25,87.7905590699111,12.2094409300889,0,0,0,0,12.2094409300889
2013-07-02,87.7905590699111,12.2094409300889,0,0,0,0,12.2094409300889
2013-07-09,87.965385555374,12.034614444626,0,0,0,0,12.034614444626
2013-07-16,87.965385555374,12.034614444626,0,0,0,0,12.034614444626
2013-07-23,87.965385555374,12.034614444626,0,0,0,0,12.034614444626
2013-07-30,87.965385555374,12.034614444626,0.15675908280568,0,0,0,12.1913735274317
2013-08-06,88.0482917295465,11.9517082704535,0.156759200325663,0,0,0,12.1084674707791
2013-08-13,88.0482917295465,11.9517082704535,0.156759200325663,0,0,0,12.1084674707791
2013-08-20,88.0482917295465,11.9517082704535,0.156759200325663,0,0,0,12.1084674707791
2013-08-27,88.0482917295465,11.9517082704535,0.156759200325663,0,0,0,12.1084674707791
2013-09-03,87.5003561002599,12.4996438997402,0.15675908280568,0,0,0,12.6564029825458
2013-09-10,87.5003561002599,12.4996438997402,0.15675908280568,0,0,0,12.6564029825458
2013-09-17,87.5003561002599,12.4996438997402,0.15675908280568,0,0,0,12.6564029825458
2013-09-24,87.5003561002599,12.4996438997402,0.15675908280568,0,0,0,12.6564029825458
2013-10-01,99.8432409171943,0.15675908280568,0,0,0,0,0.15675908280568
2013-10-08,99.8837238941025,0.11627610589747,0,0,0,0,0.11627610589747
2013-10-15,99.7770437531018,0.222956246898179,0,0,0,0,0.222956246898179
2013-10-22,99.8156523799135,0.184347620086469,0,0,0,0,0.184347620086469
2013-10-29,99.8156523799135,0.184347620086469,0,0,0,0,0.184347620086469
2013-11-05,99.8658812963259,0.134118703674133,0,0,0,0,0.134118703674133
2013-11-12,99.8683553565726,0.131644643427439,0,0,0,0,0.131644643427439
2013-11-19,99.8683553565726,0.131644643427439,0,0,0,0,0.131644643427439
2013-11-26,99.8683553565726,0.131644643427439,0,0,0,0,0.131644643427439
2013-12-03,61.1565254158508,38.8434745841492,0,0,0,0,38.8434745841492
2013-12-10,60.4224330005728,39.5775669994272,0,0,0,0,39.5775669994272
2013-12-17,24.5897534509889,75.410246549011,0,0,0,0,75.410246549011
2013-12-24,15.6707354557409,84.3292645442591,0,0,0,0,84.3292645442591
2013-12-31,15.6707354557409,84.3292645442591,0,0,0,0,84.3292645442591
2014-01-07,0,100,27.4633516606267,0,0,0,127.463351660627
2014-01-14,0,100,100,0,0,0,200
2014-01-21,0,100,100,0,0,0,200
2014-01-28,0,100,100,0,0,0,200
2014-02-04,0,100,100,0,0,0,200
2014-02-11,0,100,100,5.82475069233387,0,0,205.824750692334
2014-02-18,0,100,97.9570340671747,5.82475069233387,0,0,203.781784759509
2014-02-25,0,100,93.6537685903078,5.82475069233387,0,0,199.478519282642
2014-03-04,0,100,90.6413103290066,52.2209410942699,0,0,242.862251423277
2014-03-11,5.01988913661805,94.9801108633819,89.7677776494984,52.2209410942699,0,0,236.96882960715
2014-03-18,5.01988913661805,94.9801108633819,89.7677776494984,52.2209410942699,0,0,236.96882960715
2014-03-25,9.12013998113793,90.8798600188621,80.4767845121127,41.4384501317196,0,0,212.795094662694
2014-04-01,9.12013998113793,90.8798600188621,80.5007744243546,41.4384501317196,0,0,212.819084574936
2014-04-08,9.12013998113793,90.8798600188621,80.5007744243546,41.4384501317196,0,0,212.819084574936
2014-04-15,9.21864855828124,90.7813514417188,80.5110451055331,41.4384501317196,0,0,212.730846678971
2014-04-22,9.21864855828124,90.7813514417188,80.5110451055331,41.4384501317196,0,0,212.730846678971
2014-04-29,9.21864855828124,90.7813514417188,80.5110451055331,41.4384501317196,0,0,212.730846678971
2014-05-06,9.21864855828124,90.7813514417188,80.5110451055331,41.4384501317196,0,0,212.730846678971
2014-05-13,9.21864855828124,90.7813514417188,81.1944577305243,41.4384501317196,0,0,213.414259303963
2014-05-20,9.21864855828124,90.7813514417188,81.1944577305243,41.4384501317196,0,0,213.414259303963
2014-05-27,9.21864855828124,90.7813514417188,81.1944577305243,41.4384501317196,0,0,213.414259303963
2014-06-03,9.07148544037232,90.9285145596277,81.1944577305243,41.4384501317196,0,0,213.561422421872
2014-06-10,9.07148544037232,90.9285145596277,81.1944577305243,41.4384501317196,0,0,213.561422421872
2014-06-17,9.07148544037232,90.9285145596277,81.1944577305243,41.4384501317196,0,0,213.561422421872
2014-06-24,9.07148544037232,90.9285145596277,85.560171947696,51.7198518023171,0,0,228.208538309641
2014-07-01,9.07148544037232,90.9285145596277,85.560171947696,51.7198518023171,0,0,228.208538309641
2014-07-08,9.07148544037232,90.9285145596277,85.560171947696,51.7198518023171,0,0,228.208538309641
2014-07-15,9.07148544037232,90.9285145596277,85.560171947696,51.7198518023171,0,0,228.208538309641
2014-07-22,2.88561160032206,97.1143883996779,85.560171947696,51.7198518023171,0,0,234.394412149691
2014-07-29,2.88561160032206,97.1143883996779,85.560171947696,51.7198518023171,0,0,234.394412149691
2014-08-05,2.75951462410057,97.2404853758994,91.7421474270069,53.2225199303693,0,0,242.205152733276
2014-08-12,2.25999967013871,97.7400003298613,91.7378742238889,53.2225199303693,0,0,242.700394484119
2014-08-19,2.25999967013871,97.7400003298613,91.7069872118774,53.2225199303693,0,0,242.669507472108
2014-08-26,2.25999967013871,97.7400003298613,91.7069872118774,53.2225199303693,0,0,242.669507472108
2014-09-02,2.13465077835962,97.8653492216404,91.6713834297302,53.2224800302872,0,0,242.759212681658
2014-09-09,2.13465077835962,97.8653492216404,91.6540657248134,53.2224800302872,0,0,242.741894976741
2014-09-16,2.13465077835962,97.8653492216404,91.6540657248134,53.2224800302872,0,0,242.741894976741
2014-09-23,2.13465077835962,97.8653492216404,91.6540657248134,53.2224800302872,0,0,242.741894976741
2014-09-30,1.8481978328113,98.1518021671887,91.6541344364695,53.2225199303693,0,0,243.028456534027
2014-10-07,1.8481978328113,98.1518021671887,91.5804404248014,53.2225199303693,0,0,242.954762522359
2014-10-14,1.8481978328113,98.1518021671887,91.591310853786,53.2225199303693,0,0,242.965632951344
2014-10-21,1.8481978328113,98.1518021671887,91.591310853786,53.2225199303693,0,0,242.965632951344
2014-10-28,3.00953449074664,96.9904655092534,91.591310853786,53.2225199303693,0,0,241.804296293409
2014-11-04,6.02424180632044,93.9757581936796,86.1959795905822,53.2221450879905,0,0,233.393882872252
2014-11-11,6.42757220588742,93.5724277941126,86.2377370315782,53.2221450879905,0,0,233.032309913681
2014-11-18,6.42757220588742,93.5724277941126,87.0681628375268,53.2221450879905,0,0,233.86273571963
2014-11-25,6.554568803818,93.445431196182,87.0681628375268,53.2221450879905,0,0,233.735739121699
2014-12-02,6.56056628187847,93.4394337181215,87.0681628375268,53.4059677905441,0,0,233.913564346192
2014-12-09,6.56056628187847,93.4394337181215,87.0681628375268,53.4059677905441,0,0,233.913564346192
2014-12-16,6.56056628187847,93.4394337181215,87.0681628375268,53.4042435156017,0,0,233.91184007125
2014-12-23,8.87424338065843,91.1257566193416,86.180985895431,53.4042435156017,0,0,230.710986030374
2014-12-30,8.87424338065843,91.1257566193416,86.180985895431,53.4042435156017,0,0,230.710986030374
2015-01-06,8.87424338065843,91.1257566193416,86.180985895431,51.6753205277181,0,0,228.982063042491
2015-01-13,0,100,83.5857272017117,47.1458001910197,0,0,230.731527392731
2015-01-20,0,100,83.7430110638476,47.1458001910197,0,0,230.888811254867
2015-01-27,0,100,80.1445242275623,25.051615795558,0,0,205.19614002312
2015-02-03,0,100,80.1445242275623,25.051615795558,0,0,205.19614002312
2015-02-10,0,100,66.3038442334998,0,0,0,166.3038442335
2015-02-17,16.5790535079999,83.4209464920001,59.4226377808132,0,0,0,142.843584272813
2015-02-24,16.5790535079999,83.4209464920001,73.2298068662128,0,0,0,156.650753358213
2015-03-03,16.5790535079999,83.4209464920001,73.2298068662128,0,0,0,156.650753358213
2015-03-10,16.5790535079999,83.4209464920001,73.3608517618342,0,0,0,156.781798253834
2015-03-17,16.5790535079999,83.4209464920001,73.3608517618342,0,0,0,156.781798253834
2015-03-24,17.0451325217746,82.9548674782254,73.3608517618342,0,0,0,156.31571924006
2015-03-31,17.0451325217746,82.9548674782254,73.3608517618342,0,0,0,156.31571924006
2015-04-07,17.0451325217746,82.9548674782254,73.3608517618342,0,0,0,156.31571924006
2015-04-14,17.3398955689916,82.6601044310084,73.360796764363,0,0,0,156.020901195371
2015-04-21,17.3398955689916,82.6601044310084,73.3576480907418,0,0,0,156.01775252175
2015-04-28,17.2848817072421,82.7151182927579,73.3810932502883,56.4806498867226,0,0,212.576861429769
2015-05-05,17.2848817072421,82.7151182927579,73.3810932502883,56.6829898027879,0,0,212.779201345834
2015-05-12,17.2848817072421,82.7151182927579,73.3810932502883,56.6829898027879,0,0,212.779201345834
2015-05-19,17.2848817072421,82.7151182927579,73.3810932502883,56.6829898027879,0,0,212.779201345834
2015-05-26,17.2848817072421,82.7151182927579,73.3810932502883,56.6829898027879,0,0,212.779201345834
2015-06-02,17.2848817072421,82.7151182927579,73.3810932502883,56.6829898027879,0,0,212.779201345834
2015-06-09,17.2848817072421,82.7151182927579,73.3810932502883,56.6829898027879,0,0,212.779201345834
2015-06-16,17.2848817072421,82.7151182927579,73.3810932502883,56.6829898027879,0,0,212.779201345834
2015-06-23,0,100,82.7151182927579,56.6829898027879,0,0,239.398108095546
2015-06-30,0,100,89.8026379907249,66.479495372196,0,0,256.282133362921
2015-07-07,0,100,100,82.2793265431886,0,0,282.279326543189
2015-07-14,0,100,100,100,0,0,300
2015-07-21,0,100,100,100,0,0,300
2015-07-28,0,100,100,100,20.6321491812693,0,320.632149181269
2015-08-04,0,100,100,100,20.6321491812693,0,320.632149181269
2015-08-11,0,100,100,100,20.632224149745,0,320.632224149745
2015-08-18,0,100,100,100,25.1791371728188,0,325.179137172819
2015-08-25,0,100,100,100,100,0,400
2015-09-01,0,100,100,100,100,0,400
2015-09-08,0,100,100,100,100,0,400
2015-09-15,0,100,100,100,100,0,400
2015-09-22,0,100,100,100,100,0,400
2015-09-29,0,100,100,100,100,0,400
2015-10-06,0,100,100,100,100,0,400
2015-10-13,0,100,100,100,100,0,400
2015-10-20,0,100,100,100,100,0,400
2015-10-27,0,100,100,100,100,0,400
2015-11-03,0,100,100,100,95.6639732992277,0,395.663973299228
2015-11-10,0,100,100,99.6070902185631,95.6639732992277,0,395.271063517791
2015-11-17,0,100,100,99.6443495510138,95.6639732992277,0,395.308322850241
2015-11-24,0,100,100,99.6443495510138,95.6639732992277,0,395.308322850241
2015-12-01,0,100,100,99.6443495510138,95.6639732992277,0,395.308322850241
2015-12-08,0,100,99.61173826406,98.2563082223925,80.9467618866267,0,378.814808373079
2015-12-15,0.358724156492195,99.6412758435078,98.0919023550597,80.3434905622186,0,0,278.076668760786
2015-12-22,1.76970583869483,98.2302941613052,80.8300359698747,54.5531354065615,0,0,233.613465537741
2015-12-29,19.055187293743,80.944812706257,52.4002656882781,9.66613539006848,0,0,143.011213784604
2016-01-05,19.055187293743,80.944812706257,52.4002656882781,0,0,0,133.345078394535
2016-01-12,19.1198101198446,80.8801898801554,52.4002656882781,0,0,0,133.280455568433
2016-01-19,19.1198101198446,80.8801898801554,52.4002656882781,0,0,0,133.280455568433
2016-01-26,34.2388525624975,65.7611474375025,18.3119498250985,0,0,0,84.0730972626011
2016-02-02,34.2388525624975,65.7611474375025,18.3119498250985,0,0,0,84.0730972626011
2016-02-09,34.2388525624975,65.7611474375025,18.0057036016355,0,0,0,83.766851039138
2016-02-16,34.2388525624975,65.7611474375025,18.0057036016355,0,0,0,83.766851039138
2016-02-23,52.2276132886121,47.7723867113879,18.0057036016355,0,0,0,65.7780903130234
2016-03-01,52.2276132886121,47.7723867113879,18.005253790781,0,0,0,65.7776405021689
2016-03-08,52.2276132886121,47.7723867113879,0.644728891501124,0,0,0,48.417115602889
2016-03-15,81.1934690413699,18.8065309586301,0.644729374844909,0,0,0,19.451260333475
2016-03-22,81.1934690413699,18.8065309586301,0,0,0,0,18.8065309586301
2016-03-29,84.5555943725663,15.4444056274337,0,0,0,0,15.4444056274337
2016-04-05,89.9077437937347,10.0922562062653,0,0,0,0,10.0922562062653
2016-04-12,89.9077437937347,10.0922562062653,0,0,0,0,10.0922562062653
2016-04-19,89.9972561537873,10.0027438462127,0,0,0,0,10.0027438462127
2016-04-26,89.9972561537873,10.0027438462127,0,0,0,0,10.0027438462127
2016-05-03,86.7559941044791,13.2440058955209,0,0,0,0,13.2440058955209
2016-05-10,86.7559941044791,13.2440058955209,0,0,0,0,13.2440058955209
2016-05-17,86.7559941044791,13.2440058955209,0,0,0,0,13.2440058955209
2016-05-24,86.7559941044791,13.2440058955209,0,0,0,0,13.2440058955209
2016-05-31,77.2334233454832,22.7665766545168,0,0,0,0,22.7665766545168
2016-06-07,0,100,0,0,0,0,100
2016-06-14,0,100,6.39840946881836,0,0,0,106.398409468818
2016-06-21,0,100,6.39840946881836,0,0,0,106.398409468818
2016-06-28,0,100,6.39840946881836,0,0,0,106.398409468818
2016-07-05,0,100,6.39840946881836,0,0,0,106.398409468818
2016-07-12,0,100,6.39840946881836,0,0,0,106.398409468818
2016-07-19,0,100,6.39840946881836,0,0,0,106.398409468818
2016-07-26,0,100,6.39840946881836,0,0,0,106.398409468818
2016-08-02,0,100,6.39840946881836,0,0,0,106.398409468818
2016-08-09,0,100,6.50389011420698,0,0,0,106.503890114207
2016-08-16,0,100,6.50389011420698,0,0,0,106.503890114207
2016-08-23,0,100,6.50389011420698,0,0,0,106.503890114207
2016-08-30,0,100,6.50389011420698,0,0,0,106.503890114207
2016-09-06,0,100,6.50389011420698,0,0,0,106.503890114207
2016-09-13,0,100,6.50389011420698,0,0,0,106.503890114207
2016-09-20,0,100,6.50389011420698,0,0,0,106.503890114207
2016-09-27,0,100,6.50389011420698,0,0,0,106.503890114207
2016-10-04,0,100,6.50389011420698,0,0,0,106.503890114207
2016-10-11,0,100,6.50389011420698,0,0,0,106.503890114207
2016-10-18,78.7345921040203,21.2654078959797,0.273559968033442,0,0,0,21.5389678640132
2016-10-25,99.5890977843817,0.410902215618332,0,0,0,0,0.410902215618332
2016-11-01,100,0,0,0,0,0,0
2016-11-08,100,0,0,0,0,0,0
2016-11-15,100,0,0,0,0,0,0
2016-11-22,100,0,0,0,0,0,0
2016-11-29,100,0,0,0,0,0,0
2016-12-06,100,0,0,0,0,0,0
2016-12-13,100,0,0,0,0,0,0
2016-12-20,100,0,0,0,0,0,0
2016-12-27,100,0,0,0,0,0,0
2017-01-03,100,0,0,0,0,0,0
2017-01-10,100,0,0,0,0,0,0
2017-01-17,100,0,0,0,0,0,0
2017-01-24,100,0,0,0,0,0,0
2017-01-31,100,0,0,0,0,0,0
2017-02-07,100,0,0,0,0,0,0
2017-02-14,100,0,0,0,0,0,0
2017-02-21,100,0,0,0,0,0,0
2017-02-28,100,0,0,0,0,0,0
2017-03-07,100,0,0,0,0,0,0
2017-03-14,100,0,0,0,0,0,0
2017-03-21,100,0,0,0,0,0,0
2017-03-28,100,0,0,0,0,0,0
2017-04-04,100,0,0,0,0,0,0
2017-04-11,100,0,0,0,0,0,0
2017-04-18,100,0,0,0,0,0,0
2017-04-25,100,0,0,0,0,0,0
2017-05-02,100,0,0,0,0,0,0
2017-05-09,100,0,0,0,0,0,0
2017-05-16,100,0,0,0,0,0,0
2017-05-23,100,0,0,0,0,0,0
2017-05-30,100,0,0,0,0,0,0
2017-06-06,100,0,0,0,0,0,0
2017-06-13,100,0,0,0,0,0,0
2017-06-20,100,0,0,0,0,0,0
2017-06-27,100,0,0,0,0,0,0
2017-07-04,100,0,0,0,0,0,0
2017-07-11,100,0,0,0,0,0,0
2017-07-18,69.9379636328197,30.0620363671803,0,0,0,0,30.0620363671803
2017-07-25,69.9379636328197,30.0620363671803,0,0,0,0,30.0620363671803
2017-08-01,51.5988913653494,48.4011086346506,0,0,0,0,48.4011086346506
2017-08-08,0,100,0,0,0,0,100
2017-08-15,0,100,0,0,0,0,100
2017-08-22,0,100,0,0,0,0,100
2017-08-29,0,100,0,0,0,0,100
2017-09-05,0,100,2.48438031807625,0,0,0,102.484380318076
2017-09-12,0,100,27.8150287803978,0,0,0,127.815028780398
2017-09-19,0,100,27.8150287803978,0,0,0,127.815028780398
2017-09-26,0,100,27.8147289064948,0,0,0,127.814728906495
2017-10-03,0,100,27.8147289064948,0,0,0,127.814728906495
2017-10-10,0,100,27.814354064116,0,0,0,127.814354064116
2017-10-17,0,100,10.0186371630729,0,0,0,110.018637163073
2017-10-24,3.25108291963229,96.7489170803677,0.658747996467485,0,0,0,97.4076650768352
2017-10-31,3.25108291963229,96.7489170803677,0.658747996467485,0,0,0,97.4076650768352
2017-11-07,18.0367405505985,81.9632594494015,0.658747996467485,0,0,0,82.622007445869
2017-11-14,43.383872157566,56.616127842434,0,0,0,0,56.616127842434
2017-11-21,100,0,0,0,0,0,0
2017-11-28,100,0,0,0,0,0,0
2017-12-05,100,0,0,0,0,0,0
2017-12-12,100,0,0,0,0,0,0
2017-12-19,100,0,0,0,0,0,0
2017-12-26,100,0,0,0,0,0,0
2018-01-02,100,0,0,0,0,0,0
2018-01-09,100,0,0,0,0,0,0
2018-01-16,80.2016502060883,19.7983497939117,0,0,0,0,19.7983497939117
2018-01-23,80.2016502060883,19.7983497939117,0,0,0,0,19.7983497939117
2018-01-30,80.2017251745641,19.7982748254359,0,0,0,0,19.7982748254359
2018-02-06,81.6538783037645,18.3461216962355,0,0,0,0,18.3461216962355
2018-02-13,80.4461973740042,19.5538026259958,0,0,0,0,19.5538026259958
2018-02-20,80.4462870016006,19.5537129983994,0,0,0,0,19.5537129983994
2018-02-27,80.3718286460543,19.6281713539457,0,0,0,0,19.6281713539457
2018-03-06,64.1307330267622,35.8692669732378,0,0,0,0,35.8692669732378
2018-03-13,64.1307330267622,35.8692669732378,0,0,0,0,35.8692669732378
2018-03-20,64.1307330267622,35.8692669732378,0,0,0,0,35.8692669732378
2018-03-27,100,0,0,0,0,0,0
2018-04-03,100,0,0,0,0,0,0
2018-04-10,100,0,0,0,0,0,0
2018-04-17,100,0,0,0,0,0,0
2018-04-24,100,0,0,0,0,0,0
2018-05-01,100,0,0,0,0,0,0
2018-05-08,100,0,0,0,0,0,0
2018-05-15,100,0,0,0,0,0,0
2018-05-22,100,0,0,0,0,0,0
2018-05-29,100,0,0,0,0,0,0
2018-06-05,100,0,0,0,0,0,0
2018-06-12,64.896610975085,35.103389024915,0,0,0,0,35.103389024915
2018-06-19,64.98405046874,35.01594953126,0,0,0,0,35.01594953126
2018-06-26,41.8282425951707,58.1717574048293,0.000299874127834841,0,0,0,58.1720572789572
2018-07-03,41.7043196118429,58.2956803881571,0.000299874127834841,0,0,0,58.2959802622849
2018-07-10,41.7017081554395,58.2982918445605,2.76648461835452,0,0,0,61.064776462915
2018-07-17,11.0506449158292,88.9493550841708,3.56189954981464,0,0,0,92.5112546339854
2018-07-24,0.224830458792078,99.7751695412079,3.56190222011644,0,0,0,103.337071761324
2018-07-31,0,100,5.75855352824137,0,0,0,105.758553528241
2018-08-07,0,100,30.5975587265555,0,0,0,130.597558726555
2018-08-14,0,100,30.5971089157009,0,0,0,130.597108915701
2018-08-21,0,100,30.5971089157009,0,0,0,130.597108915701
2018-08-28,0,100,30.5971089157009,0,0,0,130.597108915701
2018-09-04,0,100,30.5971089157009,0,0,0,130.597108915701
2018-09-11,0,100,32.1425840434097,0,0,0,132.14258404341
2018-09-18,0,100,32.1425840434097,0,0,0,132.14258404341
2018-09-25,0,100,32.1425840434097,0,0,0,132.14258404341
2018-10-02,0,100,32.1425840434097,0,0,0,132.14258404341
2018-10-09,0,100,32.1425840434097,0,0,0,132.14258404341
2018-10-16,0,100,32.1425840434097,0,0,0,132.14258404341
2018-10-23,0,100,32.1425840434097,0,0,0,132.14258404341
2018-10-30,0,100,21.4073232205857,0,0,0,121.407323220586
2018-11-06,0,100,8.23273813361482,0,0,0,108.232738133615
2018-11-13,0,100,8.23273813361482,0,0,0,108.232738133615
2018-11-20,0,100,56.9508521666639,0,0,0,156.950852166664
2018-11-27,0,100,56.9508521666639,0,0,0,156.950852166664
2018-12-04,0,100,56.9508521666639,0,0,0,156.950852166664
2018-12-11,0,100,56.9508521666639,0,0,0,156.950852166664
2018-12-18,0,100,56.9508521666639,0,0,0,156.950852166664
2018-12-25,0,100,56.6408575194131,0,0,0,156.640857519413
2019-01-01,0.0604995599350473,99.939500440065,55.7299155705026,0,0,0,155.669416010568
2019-01-08,7.2595723498269,92.7404276501731,55.7292408542208,0,0,0,148.469668504394
2019-01-15,7.25934744439963,92.7406525556004,55.7299155705026,0,0,0,148.470568126103
2019-01-22,14.8825918701186,85.1174081298814,4.2127035581538,0,0,0,89.3301116880352
2019-01-29,14.8825918701186,85.1174081298814,4.25858426531643,0,0,0,89.3759923951978
2019-02-05,14.8825918701186,85.1174081298814,4.14238312789472,0,0,0,89.2597912577761
2019-02-12,14.8825918701186,85.1174081298814,4.14238312789472,0,0,0,89.2597912577761
2019-02-19,39.6215891217743,60.3784108782257,4.14238312789472,0,0,0,64.5207940061204
2019-02-26,40.4354772084418,59.5645227915582,0,0,0,0,59.5645227915582
2019-03-05,40.4354772084418,59.5645227915582,0,0,0,0,59.5645227915582
2019-03-12,69.1209577965282,30.8790422034718,0,0,0,0,30.8790422034718
2019-03-19,66.9595185224613,33.0404814775387,0,0,0,0,33.0404814775387
2019-03-26,62.6429086569098,37.3570913430902,0,0,0,0,37.3570913430902
2019-04-02,62.6429086569098,37.3570913430902,0,0,0,0,37.3570913430902
2019-04-09,62.7668594604523,37.2331405395477,0,0,0,0,37.2331405395477
2019-04-16,74.7704840114732,25.2295159885268,0,0,0,0,25.2295159885268
2019-04-23,74.7704840114732,25.2295159885268,0,0,0,0,25.2295159885268
2019-04-30,74.7704840114732,25.2295159885268,0,0,0,0,25.2295159885268
2019-05-07,74.7704840114732,25.2295159885268,0,0,0,0,25.2295159885268
2019-05-14,74.7709527361599,25.2290472638401,0.0502288411006863,0,0,0,25.2792761049408
2019-05-21,74.7709527361599,25.2290472638401,0.0502288411006863,0,0,0,25.2792761049408
2019-05-28,74.7704840114732,25.2295159885268,0.0503038472322388,0,0,0,25.2798198357591
2019-06-04,74.7709527361599,25.2290472638401,0.0502288411006863,0,0,0,25.2792761049408
2019-06-11,74.7709527361599,25.2290472638401,0.0502288411006863,0,0,0,25.2792761049408
2019-06-18,70.369856697866,29.630143302134,6.13354124575023,0,0,0,35.7636845478842
2019-06-25,70.369856697866,29.630143302134,6.13354124575023,0,0,0,35.7636845478842
2019-07-02,63.3438364246608,36.6561635753392,6.13355044220189,0,0,0,42.7897140175411
2019-07-09,41.6052237994745,58.3947762005255,6.15175857170167,0,0,0,64.5465347722272
2019-07-16,41.6052237994745,58.3947762005255,6.20611067587779,0,0,0,64.6008868764033
2019-07-23,41.0979433148361,58.9020566851639,6.20611532850436,0,0,0,65.1081720136683
2019-07-30,41.0979433148361,58.9020566851639,6.20611532850436,0,0,0,65.1081720136683
2019-08-06,10.1392538393202,89.8607461606798,6.20611067587779,0,0,0,96.0668568365576
2019-08-13,62.6311105913293,37.3688894086707,6.15176779546785,0,0,0,43.5206572041386
2019-08-20,62.6311105913293,37.3688894086707,6.15176779546785,0,0,0,43.5206572041386
2019-08-27,62.6311105913293,37.3688894086707,6.15176779546785,0,0,0,43.5206572041386
2019-09-03,62.6311105913293,37.3688894086707,6.15176779546785,0,0,0,43.5206572041386
2019-09-10,62.6311105913293,37.3688894086707,5.30237432837566,0,0,0,42.6712637370464
2019-09-17,87.139982637301,12.860017362699,5.30237035326645,0,0,0,18.1623877159654
2019-09-24,94.4469350638057,5.55306493619433,0,0,0,0,5.55306493619433
2019-10-01,96.3174735023922,3.68252649760776,0,0,0,0,3.68252649760776
2019-10-08,96.3173235654407,3.68267643455927,0,0,0,0,3.68267643455927
2019-10-15,96.3174735023922,3.68252649760776,0,0,0,0,3.68252649760776
2019-10-22,100,0,0,0,0,0,0
2019-10-29,100,0,0,0,0,0,0
2019-11-05,100,0,0,0,0,0,0
2019-11-12,100,0,0,0,0,0,0
2019-11-19,100,0,0,0,0,0,0
2019-11-26,30.0197766839044,69.9802233160956,0,0,0,0,69.9802233160956
2019-12-03,21.309864202103,78.690135797897,0,0,0,0,78.690135797897
2019-12-10,20.0507536200376,79.9492463799624,0,0,0,0,79.9492463799624
2019-12-17,2.66437962836627,97.3356203716337,16.3432026832717,0,0,0,113.678823054905
2019-12-24,2.66437962836627,97.3356203716337,16.3432026832717,0,0,0,113.678823054905
2019-12-31,2.66430665728061,97.3356933427194,16.3434398411267,0,0,0,113.679133183846
2020-01-07,2.66430665728061,97.3356933427194,16.3434398411267,0,0,0,113.679133183846
2020-01-14,2.74024978015478,97.2597502198452,25.3236953788647,0,0,0,122.58344559871
2020-01-21,0.314418023034831,99.6855819769652,92.0088792729252,0,0,0,191.69446124989
2020-01-28,0.323564183933794,99.6764358160662,81.3356093779636,0,0,0,181.01204519403
2020-02-04,0.325588090208068,99.6744119097919,67.7708273670921,0,0,0,167.445239276884
2020-02-11,3.63859497081477,96.3614050291852,56.9339092911431,0,0,0,153.295314320328
2020-02-18,5.45718025570248,94.5428197442975,53.2875175988497,0,0,0,147.830337343147
2020-02-25,5.7932682756413,94.2067317243587,53.2875575477193,0,0,0,147.494289272078
2020-03-03,5.7932682756413,94.2067317243587,53.2875575477193,0,0,0,147.494289272078
2020-03-10,5.7932682756413,94.2067317243587,53.8085138763004,0,0,0,148.015245600659
2020-03-17,5.7932682756413,94.2067317243587,53.8085138763004,0,0,0,148.015245600659
2020-03-24,5.7932682756413,94.2067317243587,53.8085138763004,0,0,0,148.015245600659
2020-03-31,5.7932682756413,94.2067317243587,53.8085138763004,14.5238786019568,0,0,162.539124202616
2020-04-07,5.7932682756413,94.2067317243587,53.8085138763004,14.5238786019568,0,0,162.539124202616
2020-04-14,3.35086847295848,96.6491315270415,67.2630413383982,16.5577748739966,0,0,180.469947739436
2020-04-21,1.89677740510116,98.1032225948988,74.1699865206681,16.5597866097306,0,0,188.832995725298
2020-04-28,1.89677740510116,98.1032225948988,74.1699865206681,21.3726877847865,0,0,193.645896900353
2020-05-05,1.89677740510116,98.1032225948988,81.1497765189738,42.2436865298142,0,0,221.496685643687
2020-05-12,1.89677740510116,98.1032225948988,82.9451965448529,43.1719461966243,0,0,224.220365336376
2020-05-19,1.89677740510116,98.1032225948988,82.9451965448529,43.1719461966243,0,0,224.220365336376
2020-05-26,2.79017673068475,97.2098232693153,81.275648589768,38.7711467327989,0,0,217.256618591882
2020-06-02,6.47607680970152,93.5239231902985,70.3483185320573,38.7711467327989,0,0,202.643388455155
2020-06-09,11.248961685054,88.751038314946,66.5621354652401,38.7712048651615,0,0,194.084378645348
2020-06-16,11.248961685054,88.751038314946,66.5621354652401,34.4079580655705,0,0,189.721131845757
2020-06-23,11.248961685054,88.751038314946,66.5621354652401,34.4079580655705,0,0,189.721131845757
2020-06-30,20.7347965691401,79.2652034308599,60.8030029395161,34.4079322704295,0,0,174.476138640806
2020-07-07,20.7347965691401,79.2652034308599,60.8030029395161,34.4079322704295,0,0,174.476138640806
2020-07-14,20.7347965691401,79.2652034308599,60.8030029395161,34.4079322704295,0,0,174.476138640806
2020-07-21,20.7347965691401,79.2652034308599,60.8030029395161,34.4079322704295,0,0,174.476138640806
2020-07-28,20.7347965691401,79.2652034308599,60.835989093578,34.4079322704295,0,0,174.509124794867
2020-08-04,20.7347965691401,79.2652034308599,60.835989093578,34.4079322704295,0,0,174.509124794867
2020-08-11,20.7347965691401,79.2652034308599,60.6874014632358,34.4079322704295,0,0,174.360537164525
2020-08-18,20.6956629954577,79.3043370045423,60.6874014632358,34.4079322704295,0,0,174.399670738208
2020-08-25,20.6956629954577,79.3043370045423,60.1628466451207,34.4079322704295,0,0,173.875115920093
2020-09-01,2.19050389311295,97.8094961068871,60.1628015419516,34.5975767189897,0,0,192.569874367828
2020-09-08,1.81228793292421,98.1877120670758,60.4089230478584,34.5975767189897,0,0,193.194211833924
2020-09-15,0,100,81.6664592538837,35.2039967193795,0,0,216.870455973263
2020-09-22,0,100,92.1059694398505,46.2245125924549,14.973078820356,0,253.303560852661
2020-09-29,3.01733121222526,96.9826687877748,91.2214913628819,46.2245125924549,14.973078820356,0,249.401751563468
2020-10-06,3.06471128890302,96.935288711097,91.4455721369164,46.6593297518394,14.973078820356,0,250.013269420209
2020-10-13,3.06471128890302,96.935288711097,91.4455721369164,46.6593297518394,14.973078820356,0,250.013269420209
2020-10-20,3.06471128890302,96.935288711097,87.6654366838744,42.0648867151363,14.5241675875294,0,241.189779697637
2020-10-27,3.20595189722722,96.7940481027728,87.4819888236996,42.0648867151363,14.5241675875294,0,240.865091229138
2020-11-03,3.0790302677724,96.9209697322276,87.4819888236996,42.0648867151363,14.5241675875294,0,240.992012858593
2020-11-10,3.0790302677724,96.9209697322276,64.203602385197,29.8894814730406,13.3723519260151,0,204.38640551648
2020-11-17,8.87110135520615,91.1288986447939,55.3893003411818,26.6827249262122,10.7900708677533,0,183.990994779941
2020-11-24,8.87110135520615,91.1288986447939,55.3893003411818,26.6827249262122,10.7900708677533,0,183.990994779941
2020-12-01,9.60481837748605,90.3951816225139,55.3893003411818,26.6827249262122,10.7900708677533,0,183.257277757661
2020-12-08,10.0046255584219,89.9953744415782,55.3893003411818,26.6827249262122,10.7900708677533,0,182.857470576725
2020-12-15,10.0046255584219,89.9953744415782,55.3893003411818,26.6777770031029,10.7900708677533,0,182.852522653616
2020-12-22,10.0046255584219,89.9953744415782,55.3893003411818,26.6777770031029,10.7900708677533,0,182.852522653616
2020-12-29,10.0046255584219,89.9953744415782,55.3893003411818,26.6777770031029,10.7900708677533,0,182.852522653616
2021-01-05,15.8565073386641,84.1434926613359,44.5168056832102,25.1150391260475,8.36535736722708,0,162.140694837821
2021-01-12,15.8565073386641,84.1434926613359,44.5261767426797,25.0540147867822,8.36535736722708,0,162.089041558025
2021-01-19,15.7385819263,84.2614180737,44.2569649462401,25.098621029857,0,0,153.617004049797
2021-01-26,15.7149036691849,84.2850963308151,44.3864687797297,25.0986398459247,0,0,153.77020495647
2021-02-02,16.7331388148366,83.2668611851634,44.0942744989849,23.7456255828808,0,0,151.106761267029
2021-02-09,16.8584862942427,83.1415137057573,44.0940495932204,23.7456255828808,0,0,150.981188881858
2021-02-16,20.573179837648,79.426820162352,43.7247543279366,22.3826966501036,0,0,145.534271140392
2021-02-23,20.573179837648,79.426820162352,40.324554011869,16.4935392070722,0,0,136.244913381293
2021-03-02,20.5331753998628,79.4668246001372,40.3244633198265,16.4935021122352,0,0,136.284790032199
2021-03-09,20.5331753998628,79.4668246001372,40.3244633198265,16.4935021122352,0,0,136.284790032199
2021-03-16,14.7072406053255,85.2927593946745,40.7553373806314,16.4935144771624,0,0,142.541611252468
2021-03-23,14.4438013815191,85.5561986184809,40.5328309445878,16.3351810563658,0,0,142.424210619435
2021-03-30,13.7574752997429,86.2425247002571,50.4311065430286,16.3351933026112,0,0,153.008824545897
2021-04-06,13.7521525339739,86.2478474660261,59.1879558555297,16.3351933026112,0,0,161.770996624167
2021-04-13,13.779216174011,86.220783825989,74.9906476756382,22.1436801902401,0,0,183.355111691867
2021-04-20,9.11286803898961,90.8871319610104,79.3350146263496,22.2265787236467,0,0,192.448725311007
2021-04-27,9.11286803898961,90.8871319610104,80.8466040030167,55.4589794991206,0,0,227.192715463148
2021-05-04,3.61468002704863,96.3853199729514,86.9048065288546,67.6472793190463,0,0,250.937405820852
2021-05-11,3.61468002704863,96.3853199729514,86.9048065288546,67.6472793190463,0,0,250.937405820852
2021-05-18,3.61468002704863,96.3853199729514,86.9048065288546,67.6472793190463,0,0,250.937405820852
2021-05-25,4.00181723585232,95.9981827641477,86.7876308012481,67.3904373211065,15.9054617533327,0,266.081712639835
2021-06-01,0.0452809593565906,99.9547190406434,96.1128845320543,79.9633254216602,15.9054617533327,0,291.936390747691
2021-06-08,0.0452809593565906,99.9547190406434,95.7041564022329,84.0805191417009,57.2957071551413,0,337.035101739718
2021-06-15,0.0452809593565906,99.9547190406434,95.7041564022329,84.0805191417009,58.0795775376454,0,337.818972122223
2021-06-22,0.0452809593565906,99.9547190406434,95.7041564022329,84.1490403285418,66.1069770161647,0,345.914892787583
2021-06-29,0.0452809593565906,99.9547190406434,95.7041564022329,84.1490403285418,78.8699102027597,0,358.677825974178
2021-07-06,0.0452809593565906,99.9547190406434,95.8898533166803,84.1490403285418,78.8699102027597,0,358.863522888625
2021-07-13,0,100,95.964896760912,84.4103804350271,79.0345409755198,29.2507500595999,388.660568231059
2021-07-20,0,100,95.964896760912,84.4103804350271,79.2014208025525,63.1770590466709,422.753757045163
2021-07-27,0,100,95.964896760912,86.0985205720994,79.2014208025525,68.4364724633292,429.701310598893
2021-08-03,0,100,95.964896760912,86.0148557531558,79.061829500695,68.4364724633292,429.478054478092
2021-08-10,0,100,98.2425140228534,90.5339554717241,82.2045829728599,68.4364724633292,439.417524930767
2021-08-17,0,100,98.2425140228534,91.2351356254695,82.2045829728599,68.4364724633292,440.118705084512
2021-08-24,0,100,98.2425140228534,91.2351356254695,82.2045829728599,68.4364724633292,440.118705084512
2021-08-31,0,100,98.2500858389047,91.3161765477617,82.2045829728599,68.4364724633292,440.207317822855
2021-09-07,0,100,98.2500858389047,91.2840900401381,82.2045829728599,68.4364724633292,440.175231315232
2021-09-14,0,100,98.2500858389047,91.2840900401381,82.2045829728599,66.5875999142361,438.326358766139
2021-09-21,0,100,98.2500858389047,90.8763365005015,82.2045829728599,62.0729233357373,433.403928648004
2021-09-28,0,100,98.2353920176566,90.8763365005015,82.2045829728599,62.0729233357373,433.389234826755
2021-10-05,0,100,98.206079343636,90.8763365005015,82.2045829728599,62.0729233357373,433.359922152735
2021-10-12,0,100,97.0062088891621,90.8763365005015,82.2045829728599,62.0729233357373,432.160051698261
2021-10-19,0,100,97.0062088891621,90.9507801969272,82.2045829728599,62.0729233357373,432.234495394686
2021-10-26,0.00374842378779723,99.9962515762122,97.0796779954029,90.9507801969272,80.6199743008065,55.0831625301561,423.729846599505
2021-11-02,2.61932357443695,97.3806764255631,95.6241650386013,90.9507801969272,73.4829754088406,43.6958259052069,401.134422975139
2021-11-09,2.61932357443695,97.3806764255631,95.6241650386013,90.7949207358306,67.1013588785916,31.1998554607787,382.100976539365
2021-11-16,2.61932357443695,97.3806764255631,95.6241650386013,90.7949207358306,67.1013588785916,12.2217357601129,363.122856838699
2021-11-23,2.61932357443695,97.3806764255631,95.6241650386013,90.7949207358306,67.1013588785916,12.2217357601129,363.122856838699
2021-11-30,2.61932357443695,97.3806764255631,95.6241650386013,90.7949207358306,67.1013588785916,12.2217357601129,363.122856838699
2021-12-07,2.71528322340456,97.2847167765954,95.6241650386013,88.7572025963082,41.4481960335679,0,323.114280445073
2021-12-14,2.71528322340456,97.2847167765954,95.5726616957569,88.7572025963082,41.4481960335679,0,323.062777102229
2021-12-21,2.85187578623189,97.1481242137681,95.2404763796823,88.6607181680103,37.8099759051319,0,318.859294666593
2021-12-28,2.88973486648864,97.1102651335114,95.6594002222066,88.8128292053192,37.499081636172,0,319.081576197209
2022-01-04,3.93951843249913,96.0604815675009,94.3038952120633,80.8514769539409,25.1725399469523,0,296.388393680457
2022-01-11,6.47052914249558,93.5294708575044,86.5266655371416,80.6578333810633,24.7080352711685,0,285.422005046878
2022-01-18,6.59984976317458,93.4001502368254,86.5266655371416,80.6578333810633,24.7080352711685,0,285.292684426199
2022-01-25,6.59984976317458,93.4001502368254,86.5266655371416,80.6578333810633,24.7080352711685,0,285.292684426199
2022-02-01,6.59984976317458,93.4001502368254,86.5266655371416,80.6578333810633,24.7080352711685,0,285.292684426199
2022-02-08,6.59984976317458,93.4001502368254,86.5266655371416,80.7064129533531,24.7080352711685,0,285.341263998489
2022-02-15,6.59984976317458,93.4001502368254,86.5266655371416,80.6578333810633,24.7080352711685,0,285.292684426199
2022-02-22,6.40320745126674,93.5967925487332,86.5266655371416,80.6578333810633,24.7080352711685,0,285.489326738107
2022-03-01,6.80578816607617,93.1942118339238,86.5266655371416,80.6578333810633,24.7080352711685,0,285.086746023297
2022-03-08,6.69933293050272,93.3006670694973,86.5266655371416,80.6578333810633,24.2872372167504,0,284.772403204453
2022-03-15,6.69933293050272,93.3006670694973,86.5266655371416,80.6578333810633,24.2872372167504,0,284.772403204453
2022-03-22,6.69933293050272,93.3006670694973,86.5266655371416,80.5541519790928,22.5615378733243,0,282.943022459056
2022-03-29,6.69933293050272,93.3006670694973,86.3675074631118,80.5541519790928,22.5615378733243,0,282.783864385026
2022-04-05,6.69933293050272,93.3006670694973,86.3675074631118,80.7182579725226,40.6588529523335,0,301.045285457465
2022-04-12,9.54880972551042,90.4511902744896,85.3526592068036,80.7182579725226,40.6588529523335,0,297.180960406149
2022-04-19,10.101852171162,89.898147828838,85.3526592068036,77.817127897719,31.5865428587279,0,284.654477792088
2022-04-26,10.101852171162,89.898147828838,85.3526592068036,77.817127897719,31.5865428587279,0,284.654477792088
2022-05-03,10.0642929648083,89.9357070351917,85.3526592068036,65.1232406772952,17.9030717583256,0,258.314678677616
2022-05-10,10.0642929648083,89.9357070351917,85.2583488643026,53.2788962241378,17.9030717583256,0,246.376023881958
2022-05-17,10.0642929648083,89.9357070351917,79.0479603326801,53.2788962241378,0,0,222.26256359201
2022-05-24,18.1144214715873,81.8855785284127,56.8335691093663,17.8246680955669,0,0,156.543815733346
2022-05-31,18.1144214715873,81.8855785284127,56.8335691093663,17.8246680955669,0,0,156.543815733346
2022-06-07,18.5267206189393,81.4732793810607,17.824641369823,0,0,0,99.2979207508837
2022-06-14,29.4214312220977,70.5785687779023,17.824641369823,0,0,0,88.4032101477253
2022-06-21,33.9171628330287,66.0828371669713,17.8246547326849,0,0,0,83.9074918996562
2022-06-28,33.9171628330287,66.0828371669713,16.3057184453937,0,0,0,82.388555612365
2022-07-05,33.9171628330287,66.0828371669713,16.3057184453937,0,0,0,82.388555612365
2022-07-12,33.9171628330287,66.0828371669713,18.1010635027971,0,0,0,84.1839006697684
2022-07-19,33.9171628330287,66.0828371669713,18.1010635027971,0,0,0,84.1839006697684
2022-07-26,33.9171628330287,66.0828371669713,18.1010635027971,0,0,0,84.1839006697684
2022-08-02,33.9171628330287,66.0828371669713,18.1010635027971,0,0,0,84.1839006697684
2022-08-09,44.186344642078,55.813655357922,12.4632841889985,0,0,0,68.2769395469205
2022-08-16,30.2303334902676,69.7696665097324,16.7158210709713,0,0,0,86.4854875807037
2022-08-23,30.2303334902676,69.7696665097324,16.7158210709713,0,0,0,86.4854875807037
2022-08-30,30.3717014783045,69.6282985216955,16.7158085393656,0,0,0,86.3441070610611
2022-09-06,30.2551254111087,69.7448745888913,16.7158085393656,0,0,0,86.4606831282569
2022-09-13,13.1489458682624,86.8510541317376,16.7157960077787,0,0,0,103.566850139516
2022-09-20,12.8143615609636,87.1856384390364,16.7157960077787,0,0,0,103.901434446815
2022-09-27,0,100,44.0103936294788,0,0,0,144.010393629479
2022-10-04,0,100,44.1720256632086,0,0,0,144.172025663209
2022-10-11,0,100,44.7452346288386,0,0,0,144.745234628839
2022-10-18,0,100,44.7828688036681,0,0,0,144.782868803668
2022-10-25,0,100,44.7828688036681,0,0,0,144.782868803668
2022-11-01,0,100,44.7837684253771,0,0,0,144.783768425377
2022-11-08,5.13489847753791,94.8651015224621,44.7485253678709,0,0,0,139.613626890333
2022-11-15,5.13489847753791,94.8651015224621,44.7485253678709,0,0,0,139.613626890333
2022-11-22,5.13489847753791,94.8651015224621,44.7485253678709,0,0,0,139.613626890333
2022-11-29,5.14486158570321,94.8551384142968,35.6187223272614,0,0,0,130.473860741558
2022-12-06,14.1336779889226,85.8663220110774,26.4327996569437,0,0,0,112.299121668021
2022-12-13,23.0313653108868,76.9686346891132,26.4327600244097,0,0,0,103.401394713523
2022-12-20,22.8952975273897,77.1047024726103,26.4327600244097,0,0,0,103.53746249702
2022-12-27,22.8952975273897,77.1047024726103,26.4327600244097,0,0,0,103.53746249702
2023-01-03,33.0314102919722,66.9685897080278,26.4327600244097,0,0,0,93.4013497324375
2023-01-10,32.7351594168348,67.2648405831652,0,0,0,0,67.2648405831652
2023-01-17,55.5084170793053,44.4915829206947,0,0,0,0,44.4915829206947
2023-01-24,67.1603590690115,32.8396409309885,0,0,0,0,32.8396409309885
2023-01-31,67.1603590690115,32.8396409309885,0,0,0,0,32.8396409309885
2023-02-07,67.1603590690115,32.8396409309885,0,0,0,0,32.8396409309885
2023-02-14,67.357726594262,32.6422734057379,0,0,0,0,32.6422734057379
2023-02-21,64.422387069447,35.577612930553,0,0,0,0,35.577612930553
2023-02-28,64.422387069447,35.577612930553,0,0,0,0,35.577612930553
2023-03-07,57.0325250488232,42.9674749511768,0,0,0,0,42.9674749511768
2023-03-14,57.0325250488232,42.9674749511768,0,0,0,0,42.9674749511768
2023-03-21,57.0325250488232,42.9674749511768,0,0,0,0,42.9674749511768
2023-03-28,67.2626406126419,32.7373593873581,0,0,0,0,32.7373593873581
2023-04-04,67.2755610832353,32.7244389167647,0,0,0,0,32.7244389167647
2023-04-11,84.0033645877143,15.9966354122857,0,0,0,0,15.9966354122857
2023-04-18,89.5848545686539,10.4151454313461,0,0,0,0,10.4151454313461
2023-04-25,89.5848545686539,10.4151454313461,0,0,0,0,10.4151454313461
2023-05-02,89.5848545686539,10.4151454313461,0,0,0,0,10.4151454313461
2023-05-09,96.1469202200475,3.85307977995253,0,0,0,0,3.85307977995253
2023-05-16,96.1469202200475,3.85307977995253,0,0,0,0,3.85307977995253
2023-05-23,88.5321300375143,11.4678699624857,0,0,0,0,11.4678699624857
2023-05-30,74.0645808437552,25.9354191562448,0,0,0,0,25.9354191562448
2023-06-06,72.413550102182,27.586449897818,0,0,0,0,27.586449897818
2023-06-13,65.7412058229514,34.2587941770486,1.08501874961579,0,0,0,35.3438129266643
2023-06-20,65.7412058229514,34.2587941770486,6.23212938959168,0,0,0,40.4909235666402
2023-06-27,47.6920205053775,52.3079794946225,16.400553567225,0,0,0,68.7085330618475
2023-07-04,15.4882737970737,84.5117262029263,20.7039095339731,0,0,0,105.215635736899
2023-07-11,14.8430834833952,85.1569165166048,40.5875579318896,0,0,0,125.744474448494
2023-07-18,14.8430834833952,85.1569165166048,40.5875579318896,0,0,0,125.744474448494
2023-07-25,14.9320710641175,85.0679289358825,40.5875579318896,1.57238881050518,0,0,127.227875678277
2023-08-01,14.9320710641175,85.0679289358825,40.5875579318896,19.515343797933,0,0,145.170830665705
2023-08-08,15.0964769314503,84.9035230685497,40.604350870459,19.515343797933,0,0,145.023217736942
2023-08-15,15.1018746617048,84.8981253382952,40.5323061652575,19.515343797933,0,0,144.945775301486
2023-08-22,15.1018746617048,84.8981253382952,41.0199011315742,19.515343797933,0,0,145.433370267802
2023-08-29,15.1018746617048,84.8981253382952,48.6543908286565,20.7855346826659,0,0,154.338050849618
2023-09-05,14.9526124264747,85.0473875735253,48.8338653596163,20.7855346826659,0,0,154.666787615808
2023-09-12,14.9501384667747,85.0498615332253,48.8338653596163,20.7855346826659,0,0,154.669261575508
2023-09-19,14.9501384667747,85.0498615332253,48.8338653596163,27.2206787046047,0,0,161.104405597446
2023-09-26,14.9501384667747,85.0498615332253,48.8338653596163,27.2206787046047,0,0,161.104405597446
2023-10-03,14.9493138135414,85.0506861864586,48.8338653596163,27.2206787046047,0,0,161.10523025068
2023-10-10,15.0027663367554,84.9972336632446,48.8338653596163,26.0912036488657,0,0,159.922302671727
2023-10-17,15.0027663367554,84.9972336632446,48.8338653596163,26.0912036488657,0,0,159.922302671727
2023-10-24,15.0027663367554,84.9972336632446,48.8338653596163,26.0912036488657,0,0,159.922302671727
2023-10-31,21.956167431595,78.043832568405,45.1145293404124,26.0912036488657,0,0,149.249565557683
2023-11-07,22.067662098834,77.932337901166,41.1398065661938,11.5647956770146,0,0,130.636940144374
2023-11-14,22.067662098834,77.932337901166,41.1398065661938,11.5647956770146,0,0,130.636940144374
2023-11-21,27.0633401629666,72.9366598370334,25.3234704732688,0.882079747026186,0,0,99.1422100573284
2023-11-28,27.0633401629666,72.9366598370334,24.9439797644939,0.882079747026186,0,0,98.7627193485534
2023-12-05,36.5183714135991,63.4816285864009,19.2220815312772,0,0,0,82.7037101176781
2023-12-12,42.130227641606,57.869772358394,0.94422724427335,0,0,0,58.8139996026674
2023-12-19,42.130227641606,57.869772358394,0.690084301987788,0,0,0,58.5598566603818
2023-12-26,42.2658339162137,57.7341660837863,0.690085336679929,0,0,0,58.4242514204663
2024-01-02,42.2658339162137,57.7341660837863,0.690085336679929,0,0,0,58.4242514204663
2024-01-09,72.8845770353566,27.1154229646434,0.69008481933347,0,0,0,27.8055077839768
2024-01-16,84.8801215689714,15.1198784310286,0.690085336679929,0,0,0,15.8099637677085
2024-01-23,93.3705376889018,6.62946231109818,0.661746735497723,0,0,0,7.29120904659591
2024-01-30,93.4293879423702,6.57061205762977,0,0,0,0,6.57061205762977
2024-02-06,97.1947546056883,2.80524539431169,0,0,0,0,2.80524539431169
2024-02-13,97.1947546056883,2.80524539431169,0,0,0,0,2.80524539431169
2024-02-20,87.6885177446767,12.3114822553233,0,0,0,0,12.3114822553233
2024-02-27,87.6885177446767,12.3114822553233,0,0,0,0,12.3114822553233
2024-03-05,87.7563642660993,12.2436357339007,0,0,0,0,12.2436357339007
2024-03-12,87.7563642660993,12.2436357339007,0,0,0,0,12.2436357339007
2024-03-19,87.7563642660993,12.2436357339007,0,0,0,0,12.2436357339007
2024-03-26,89.952117598638,10.047882401362,0,0,0,0,10.047882401362
2024-04-02,89.9081936045893,10.0918063954107,0.560014513896906,0,0,0,10.6518209093076
2024-04-09,89.9081936045893,10.0918063954107,0.560014513896906,0,0,0,10.6518209093076
2024-04-16,89.8946917031576,10.1053082968424,0.560014933731566,0,0,0,10.665323230574
2024-04-23,80.7135349585499,19.2864650414501,0.765578074419706,0,0,0,20.0520431158698
2024-04-30,80.7135349585499,19.2864650414501,0.765578074419706,0,0,0,20.0520431158698
2024-05-07,80.7135349585499,19.2864650414501,1.88455754355294,0,0,0,21.171022585003
2024-05-14,55.5271674714539,44.4728325285461,1.88455895637806,0,0,0,46.3573914849242
2024-05-21,55.5271674714539,44.4728325285461,1.88455895637806,0,0,0,46.3573914849242
2024-05-28,44.2780310879275,55.7219689120725,4.15827644475498,0,0,0,59.8802453568275
2024-06-04,44.2780310879275,55.7219689120725,4.15827644475498,0,0,0,59.8802453568275
2024-06-11,41.2577761051478,58.7422238948522,14.0544151184427,0,0,0,72.7966390132949
2024-06-18,41.2577761051478,58.7422238948522,14.0544151184427,0,0,0,72.7966390132949
2024-06-25,29.3342649415921,70.6657350584079,28.2300542621828,0,0,0,98.8957893205907
2024-07-02,26.7806137519173,73.2193862480827,28.2300542621828,6.34930511719822,0,0,107.798745627464
2024-07-09,7.88330415812339,92.1166958418766,42.4773314241376,6.34930035722452,0,0,140.943327623239
2024-07-16,8.03384074458634,91.9661592554137,43.2646497662859,6.34930035722452,0,0,141.580109378924
2024-07-23,8.03384074458634,91.9661592554137,43.2646497662859,6.34930035722452,0,0,141.580109378924
2024-07-30,8.00378440865616,91.9962155913439,43.2646822011344,6.34930511719822,0,0,141.610202909677
2024-08-06,8.28154261133193,91.7184573886681,53.7628927036181,6.34930511719822,0,0,151.830655209484
2024-08-13,8.39541972600522,91.6045802739948,62.35532958391,6.34930511719822,2.30550553492256,0,162.614720510026
2024-08-20,0,100,62.5822591600232,12.7555113074952,2.30550553492256,0,177.643276002441
2024-08-27,0,100,62.5822591600232,12.7526625054165,2.30550553492256,0,177.640427200362
2024-09-03,7.09636597810621,92.9036340218938,55.8665081333299,5.72249369140277,2.25902507995388,0,156.75166092658
2024-09-10,7.08534561217008,92.9146543878299,55.498487885844,11.1841720556506,0,0,159.597314329325
2024-09-17,7.08534561217008,92.9146543878299,55.2962979067302,11.1841720556506,0,0,159.395124350211
2024-09-24,7.08534561217008,92.9146543878299,55.2962979067302,11.1841720556506,0,0,159.395124350211
2024-10-01,6.85879087843562,93.1412091215644,55.2962979067302,11.1841720556506,0,0,159.621679083945
2024-10-08,6.77857460937676,93.2214253906232,54.7804398250536,11.1841720556506,0,0,159.186037271327
2024-10-15,0,100,68.2209380955308,11.1841720556506,0,0,179.405110151181
2024-10-22,0,100,68.2209380955308,11.1841720556506,0,0,179.405110151181
2024-10-29,0,100,67.002625396021,11.1841720556506,0,0,178.186797451672
2024-11-05,1.08546856047032,98.9145314395297,66.7250920987725,11.1841720556506,0,0,176.823795593953
2024-11-12,1.05900468852847,98.9409953114715,65.994449334055,1.11298199107275,0,0,166.048426636599
2024-11-19,8.09479613822388,91.9052038617761,64.1841105815005,1.11298199107275,0,0,157.202296434349
2024-11-26,34.8898299938601,65.1101700061399,5.6732436559754,0,0,0,70.7834136621153
2024-12-03,48.8976252218131,51.1023747781869,5.6732436559754,0,0,0,56.7756184341623
2024-12-10,48.1013094753477,51.8986905246523,4.29802090572482,0,0,0,56.1967114303771
2024-12-17,47.8990084669396,52.1009915330603,4.26915482039802,0,0,0,56.3701463534584
2024-12-24,47.8990084669396,52.1009915330603,4.26915482039802,0,0,0,56.3701463534584
2024-12-31,55.7421022525795,44.2578977474205,4.26915802092072,0,0,0,48.5270557683412
2025-01-07,91.9396143921481,8.0603856078519,0.0125197354512428,0,0,0,8.07290534330314
2025-01-14,93.8838468424028,6.11615315759723,0.444563061232752,0,0,0,6.56071621882998
2025-01-21,93.8838468424028,6.11615315759723,0.444563061232752,0,0,0,6.56071621882998
2025-01-28,93.9618890256647,6.03811097433529,0.444563061232752,0,0,0,6.48267403556804
2025-02-04,87.9189051004053,12.0810948995947,0,0,0,0,12.0810948995947
2025-02-11,86.4268075274347,13.5731924725653,6.8756587854807,0,0,0,20.448851258046
2025-02-18,86.4268075274347,13.5731924725653,7.32891818990115,0,0,0,20.9021106624664
2025-02-25,86.4268075274347,13.5731924725653,7.32891818990115,0,0,0,20.9021106624664
2025-03-04,86.4268075274347,13.5731924725653,7.32891818990115,0,0,0,20.9021106624664
2025-03-11,86.4268075274347,13.5731924725653,7.32891818990115,0,0,0,20.9021106624664
2025-03-18,86.6460153505451,13.3539846494549,7.32891818990115,0,0,0,20.682902839356
2025-03-25,86.6815504080534,13.3184495919466,6.88487990799869,0,0,0,20.2033294999453
2025-04-01,86.6815504080534,13.3184495919466,6.88487990799869,0,0,0,20.2033294999453
2025-04-08,86.6815504080534,13.3184495919466,6.88487990799869,0,0,0,20.2033294999453
2025-04-15,86.6815504080534,13.3184495919466,6.88487990799869,0,0,0,20.2033294999453
2025-04-22,86.6815504080534,13.3184495919466,6.88487990799869,0,0,0,20.2033294999453
2025-04-29,86.4032674260473,13.5967325739527,5.30132079460587,0,0,0,18.8980533685585
2025-05-06,86.4032674260473,13.5967325739527,5.30132079460587,0,0,0,18.8980533685585
2025-05-13,86.2682492012109,13.7317507987891,5.30132079460587,0,0,0,19.033071593395
2025-05-20,86.2682492012109,13.7317507987891,5.30132079460587,0,0,0,19.033071593395
2025-05-27,86.2682492012109,13.7317507987891,5.45972918387818,0,0,0,19.1914799826673
2025-06-03,55.8403110294454,44.1596889705546,5.459733276957,0,0,0,49.6194222475116
2025-06-10,55.8403110294454,44.1596889705546,5.459733276957,0,0,0,49.6194222475116
2025-06-17,36.4582466509682,63.5417533490318,6.76958346733958,0,0,0,70.3113368163713
2025-06-24,30.6051764310754,69.3948235689246,8.36529494141955,0,0,0,77.7601185103442
2025-07-01,30.5678482939062,69.4321517060938,24.1180902544803,1.48639885448255,0,0,95.0366408150567
2025-07-08,0,100,23.9776174118783,3.42103645417102,0,0,127.398653866049
2025-07-15,0,100,87.1610487789884,22.7015789860364,0,0,209.862627765025
2025-07-22,0,100,87.1610487789884,22.7015789860364,0,0,209.862627765025
2025-07-29,0,100,87.1610487789884,31.0350747510672,0,0,218.196123530056
2025-08-05,0,100,87.1610487789884,31.0350747510672,0,0,218.196123530056
2025-08-12,0,100,87.1610487789884,31.0842540711631,0,0,218.245302850152
2025-08-19,0,100,100,64.1257851073624,0,0,264.125785107362
2025-08-26,0,100,100,89.0138196888208,0,0,289.013819688821
2025-09-02,0,100,100,89.0138196888208,0,0,289.013819688821
2025-09-09,0,100,100,89.0267142666509,0,0,289.026714266651
2025-09-16,0,100,100,89.0267142666509,0,0,289.026714266651
2025-09-23,0,100,100,89.0267142666509,16.6734388189766,0,305.700153085627
2025-09-30,0,100,100,89.0267142666509,16.6734388189766,0,305.700153085627
2025-10-07,0,100,100,87.9181554156477,16.6734388189766,0,304.591594234624
2025-10-14,0,100,100,87.968759136783,16.6734388189766,0,304.64219795576
2025-10-21,0,100,100,80.7016149709047,13.7598639771976,0,294.461478948102
2025-10-28,0,100,100,79.9894144512233,6.08511620863427,0,286.074530659857
2025-11-04,0,100,100,79.9894144512233,6.08511620863427,0,286.074530659857
2025-11-11,0,100,100,79.9894144512233,6.08511620863427,0,286.074530659857
2025-11-18,0,100,100,40.535529809715,3.56842447750721,0,244.103954287222
2025-11-25,0,100,100,40.2163140399462,3.56842447750721,0,243.784738517453
2025-12-02,0,100,67.7055298247087,33.281205253191,3.56842447750721,0,204.555159555407
2025-12-09,0,100,67.7055298247087,11.672141864346,3.56842447750721,0,182.946096166562
2025-12-16,0,100,63.7699847214246,11.6357071851287,3.56842447750721,0,178.974116384061
2025-12-23,0,100,52.6465371311364,11.1199990404035,3.24043739607495,0,167.006973567615
2025-12-30,0,100,52.6465371311364,7.15281724035043,0,0,159.799354371487
2026-01-06,0.00434817159384479,99.9956518284062,34.081118889507,2.12025843132963,0,0,136.197029149243
2026-01-13,0.0794665843013013,99.9205334156987,34.081118889507,2.12025843132963,0,0,136.121910736535
2026-01-20,0,100,34.081118889507,2.12025843132963,0,0,136.201377320837
2026-01-27,0,100,34.081118889507,2.12025843132963,0,0,136.201377320837
2026-02-03,0,100,34.081118889507,2.12025843132963,0,0,136.201377320837
2026-02-10,0,100,40.0681013633767,2.12025843132963,0,0,142.188359794706
2026-02-17,0,100,40.0681013633767,2.12025843132963,0,0,142.188359794706
2026-02-24,0,100,40.0681013633767,2.12025843132963,0,0,142.188359794706
2026-03-03,0,100,40.0681013633767,2.12025843132963,0,0,142.188359794706
2026-03-10,0,100,47.462092190234,2.12025843132963,0,0,149.582350621564
2026-03-17,0,100,47.4772358223367,2.12025843132963,0,0,149.597494253666
2026-03-24,0,100,47.4772358223367,2.12025843132963,0,0,149.597494253666
2026-03-31,0,100,47.4772358223367,2.12025843132963,0,0,149.597494253666
2026-04-07,0,100,47.4772358223367,2.12025843132963,0,0,149.597494253666
2026-04-14,0,100,47.5208674752267,2.12025843132963,0,0,149.641125906556
2026-04-21,0,100,62.6010012789622,2.12025843132963,0,0,164.721259710292
2026-04-28,0,100,54.234744290026,0,0,0,154.234744290026
2026-05-05,0,100,54.234744290026,0,0,0,154.234744290026
2026-05-12,0,100,54.234744290026,0,0,0,154.234744290026
2026-05-19,1.71010590046885,98.2898940995311,54.3310038128967,0,0,0,152.620897912428
2026-05-26,1.71010590046885,98.2898940995311,54.3310038128967,0,0,0,152.620897912428
2026-06-02,2.4604653743101,97.5395346256899,54.3310038128967,0.000449810854535668,0,0,151.870988249441
2026-06-09,2.4604653743101,97.5395346256899,54.3310038128967,0.000449810854535668,0,0,151.870988249441
2026-06-16,2.4604653743101,97.5395346256899,54.3310038128967,0.000449810854535668,0,0,151.870988249441
2026-06-23,0,100,54.3310038128967,0.000449810854535668,0,0,154.331453623751
2026-06-30,0,100,54.3310038128967,0.000449810854535668,0,0,154.331453623751
2026-07-07,0,100,54.3310038128967,0.000449810854535668,0,0,154.331453623751
2026-07-14,0,100,90.400361647927,0.000449810854535668,0,0,190.400811458782
2026-07-21,0,100,90.400361647927,0.000449810854535668,0,0,190.400811458782
2026-07-28,0,100,90.400361647927,0.000449810854535668,0,0,190.400811458782
2026-08-04,0,100,90.400361647927,14.147076154477,0,0,204.547437802404
